"Donor","Epitope","AV","CDR3a","AJ","BV","CDR3b","BJ","Description"
"HD044","GILGFVFTL","TRAV27*01","CAGSGNTGKLIF","TRAJ37*01","TRBV19*02","CASSIRSAYEQYF","TRBJ2-7*01","M1+ cells in M1 stim. line"
"HD044","GILGFVFTL","TRAV24*01","CASHSGNTGKLIF","TRAJ37*01","TRBV19*02","CASSIFAGDTQYF","TRBJ2-3*01","M1+ cells in M1 stim. line"
"HD044","GILGFVFTL","TRAV27*01","CAGAGNTGKLIF","TRAJ37*02","TRBV19*02","CASSVRSSYEQYF","TRBJ2-7*01","M1+ cells in M1 stim. line"
"HD044","GILGFVFTL","TRAV8-3*01","CAAPPGNTGKXIF","TRAJ37*01","TRBV19*02","CASSPRAAYEQYF","TRBJ2-7*01","M1+ cells in M1 stim. line"
"HD044","GILGFVFTL","TRAV27*01","CAGAGNTGKLIF","TRAJ37*02","TRBV19*02","CASSVRSSYEQYF","TRBJ2-7*01","M1+ cells in M1 stim. line"
"HD044","GILGFVFTL","TRAV38-2/DV8*01","CAYSPNAGGTSYGKLTF","TRAJ52*01","TRBV19*02","CASSMGLYGYTF","TRBJ1-2*01","M1+ cells in M1 stim. line"
"HD044","GILGFVFTL","TRAV27*01","CAGSGNTGKLIF","TRAJ37*01","TRBV19*02","CASSTRSAYEQYF","TRBJ2-7*01","M1+ cells in M1 stim. line"
"HD044","GILGFVFTL","TRAV3*01","CVVRWTNAGKSTF","TRAJ27*01","TRBV19*02","CASSIYSTNEQFF","TRBJ2-1*01","M1+ cells in M1 stim. line"
"HD044","GILGFVFTL","TRAV38-1*01","CAFMKHEGQGAQKLVF","TRAJ54*01","TRBV5-8*01","CASSLSGWDRGLRSYEQYF","TRBJ2-7*01","M1+ cells in M1 stim. line"
"HD044","GILGFVFTL","TRAV27*01","CAGGGSQGNLIF","TRAJ42*01","TRBV19*02","CASSIRSSYEQYF","TRBJ2-7*01","M1+ cells in M1 stim. line"
"HD044","GILGFVFTL","TRAV8-2*01","CVVSDHVATDSXGKLQF","TRAJ24*02","TRBV19*02","CASSMRSSYEQYF","TRBJ2-7*01","M1+ cells in M1 stim. line"
"HD044","GILGFVFTL","TRAV16*01","CAPPPSLGKTF","TRAJ58*01","TRBV19*02","CASSILDGAYNEQFF","TRBJ2-1*01","M1+ cells in M1 stim. line"
"HD044","GILGFVFTL","TRAV27*01","CAGAGMGMNRDDKIIF","TRAJ30*01","TRBV19*02","CASSIRSYYEQYF","TRBJ2-7*01","M1+ cells in M1 stim. line"
"HD044","GILGFVFTL","TRAV38-2/DV8*01","CAYMINAGGTSYGKLTF","TRAJ52*01","TRBV19*02","CASSIGVYGYTF","TRBJ1-2*01","M1+ cells in M1 stim. line"
"HD044","GILGFVFTL","TRAV14/DV4*02","CAMRPNTGGFKTIF","TRAJ9*01","TRBV9*01","CASSEGVGESSYNSPLHF","TRBJ1-6*01","M1+ cells in M1 stim. line"
"HD044","GILGFVFTL","TRAV27*01","CAGGGSQGNLIF","TRAJ42*01","TRBV19*02","CASSIRSSYEQYF","TRBJ2-7*01","M1+ cells in M1 stim. line"
"HD044","GILGFVFTL","TRAV13-1*01","CAPSGGGSQGNLIF","TRAJ42*01","TRBV19*02","CASSIRSSYNEQFF","TRBJ2-1*01","M1+ cells in M1 stim. line"
"HD044","GILGFVFTL","TRAV12-3*01","CAMSGEGGNTGKLIF","TRAJ37*01","TRBV19*02","CASSMRSSYEQYF","TRBJ2-7*01","M1+ cells in M1 stim. line"
"HD044","GILGFVFTL","TRAV27*01","CAGSAVTGNHFFF","TRAJ49*01","TRBV19*02","CASSIRSAYEQYF","TRBJ2-7*01","M1+ cells in M1 stim. line"
"HD044","GILGFVFTL","TRAV27*01","CAGGGSQGNLIF","TRAJ42*01","TRBV19*02","CASSIRSSYEQYF","TRBJ2-7*01","M1+ cells in M1 stim. line"
"HD044","GILGFVFTL","TRAV27*01","CAGAGGGSQGNFIF","TRAJ42*01","TRBV19*02","CASSQRSTDTQYF","TRBJ2-3*01","M1+ cells in M1 stim. line"
"HD044","GILGFVFTL","TRAV27*01","CAGSGNTGKLIF","TRAJ37*01","TRBV19*02","CASSIRSAYEQYF","TRBJ2-7*01","M1+ cells in M1 stim. line"
"HD044","GILGFVFTL","TRAV27*01","CAGGGSQGNLIF","TRAJ42*01","TRBV19*02","CASSIRSSYEQYF","TRBJ2-7*01","M1+ cells in M1 stim. line"
"HD044","GILGFVFTL","TRAV27*01","CAGGGSQGNLIF","TRAJ42*01","TRBV19*02","CASSIRSSYEQYF","TRBJ2-7*01","M1+ cells in M1 stim. line"
"HD044","GILGFVFTL","TRAV27*01","CAGAGGGSQGNFIF","TRAJ42*01","TRBV19*02","CASSQRSTDTQYF","TRBJ2-3*01","M1+ cells in M1 stim. line"
"HD044","GILGFVFTL","TRAV27*01","CAGGGSQGNLIF","TRAJ42*01","TRBV19*02","CASSIRSSYEQYF","TRBJ2-7*01","M1+ cells in M1 stim. line"
"HD044","GILGFVFTL","TRAV27*01","CAGAVTMNRDDKIIF","TRAJ30*01","TRBV19*02","CASSIRWSYEQYF","TRBJ2-7*01","M1+ cells in M1 stim. line"
"HD044","GILGFVFTL","TRAV27*01","CAGPSHQGGKLIF","TRAJ23*01","TRBV19*02","CASSMRSGWEQFF","TRBJ2-1*01","M1+ cells in M1 stim. line"
"HD044","GILGFVFTL","TRAV27*01","CAGGGSQGNLIF","TRAJ42*01","TRBV19*02","CASSIRSSYEQFF","TRBJ2-1*01","M1+ cells in M1 stim. line"
"HD044","GILGFVFTL","TRAV12-1*01","CVEDYGGSQGNLIF","TRAJ42*01","TRBV19*02","CASSSRSADTQYF","TRBJ2-3*01","M1+ cells in M1 stim. line"
"HD044","GILGFVFTL","TRAV27*01","CAGSGNTGKLIF","TRAJ37*01","TRBV19*02","CASSTRSAYEQYF","TRBJ2-7*01","M1+ cells in M1 stim. line"
"HD044","GILGFVFTL","TRAV27*01","CAGSGNTGKLIF","TRAJ37*01","TRBV19*02","CASSTRSAYEQYF","TRBJ2-7*01","M1+ cells in M1 stim. line"
"HD044","GILGFVFTL","TRAV27*01","CAGAVTMNRDDKIIF","TRAJ30*01","TRBV19*02","CASSIRWSYEQYF","TRBJ2-7*01","M1+ cells in M1 stim. line"
"HD044","GILGFVFTL","TRAV27*01","CAGGGSQGNLIF","TRAJ42*01","TRBV19*02","CASSIRSSYEQYF","TRBJ2-7*01","M1+ cells in M1 stim. line"
"HD044","GILGFVFTL","TRAV13-1*01","CAPSGGGSQGNLIF","TRAJ42*01","TRBV19*02","CASSIRSSYNEQFF","TRBJ2-1*01","M1+ cells in M1 stim. line"
"HD044","GILGFVFTL","TRAV27*01","CAGSGNTGKLIF","TRAJ37*01","TRBV19*02","CASSTRSAYEQYF","TRBJ2-7*01","M1+ cells in M1 stim. line"
"HD044","GILGFVFTL","TRAV27*01","CAGGGSQGNLIF","TRAJ42*01","TRBV19*02","CASSIRSSYEQYF","TRBJ2-7*01","M1+ cells in M1 stim. line"
"HD044","GILGFVFTL","TRAV8-6*01","CAVSDGTGGFKTIF","TRAJ9*01","TRBV9*01","CASSEGHHSHTDTQYF","TRBJ2-3*01","M1+ cells in M1 stim. line"
"HD044","GILGFVFTL","TRAV27*01","CAGGGSQGNLIF","TRAJ42*01","TRBV19*02","CASSIRSSYEQYF","TRBJ2-7*01","M1+ cells in M1 stim. line"
"HD044","GILGFVFTL","TRAV27*01","CAGGGSQGNLIF","TRAJ42*01","TRBV19*02","CASSIRSSYEQYF","TRBJ2-7*01","M1+ cells in M1 stim. line"
"HD044","GILGFVFTL","TRAV27*01","CAGGGSQGNLIF","TRAJ42*01","TRBV19*02","CASSIRSSYEQFF","TRBJ2-1*01","M1+ cells in M1 stim. line"
"HD044","GILGFVFTL","TRAV24*01","CAYLGGWGKLQF","TRAJ24*02","TRBV19*02","CASSIYSQETQYF","TRBJ2-5*01","M1+ cells in M1 stim. line"
"HD044","GILGFVFTL","TRAV27*01","CAGGGSQGNLIF","TRAJ42*01","TRBV19*02","CASSIRSSYEQYF","TRBJ2-7*01","M1+ cells in M1 stim. line"
"HD044","GILGFVFTL","TRAV27*01","CAGGGSQGNLIF","TRAJ42*01","TRBV19*02","CASSIRSSYEQFF","TRBJ2-1*01","M1+ cells in M1 stim. line"
"HD044","GILGFVFTL","TRAV27*01","CAGGGSQGNLIF","TRAJ42*01","TRBV19*02","CASSIRSSYEQFF","TRBJ2-1*01","M1+ cells in M1 stim. line"
"HD044","GILGFVFTL","TRAV27*01","CAGPSHQGGKLIF","TRAJ23*01","TRBV19*02","CASSMRSGWEQFF","TRBJ2-1*01","M1+ cells in M1 stim. line"
"HD044","GILGFVFTL","TRAV27*01","CAGAGNTGKLIF","TRAJ37*02","TRBV19*02","CASSVRSSYEQYF","TRBJ2-7*01","M1+ cells in M1 stim. line"
"HD044","GILGFVFTL","TRAV13-1*01","CAPSGGGSQGNLIF","TRAJ42*01","TRBV19*02","CASSIRSSYNEQFF","TRBJ2-1*01","M1+ cells in M1 stim. line"
"HD044","GILGFVFTL","TRAV3*01","CVVRGTNAGKSTF","TRAJ27*01","TRBV19*02","CASSIYSTNEQFF","TRBJ2-1*01","M1+ cells in M1 stim. line"
"HD044","GILGFVFTL","TRAV38-2/DV8*01","CAYSPNAGGTSYGKLTF","TRAJ52*01","TRBV19*02","CASSMGLYGYTF","TRBJ1-2*01","M1+ cells in M1 stim. line"
"HD044","GILGFVFTL,YVLDHLIVV","TRAV29/DV5*01","CAASGGSNYKLTF","TRAJ53*01","TRBV19*02","CASSGLYIGTGVLNYGYTF","TRBJ1-2*01","M1+cells in BR stim line"
"HD044","GILGFVFTL,YVLDHLIVV","TRAV27*01","CAGGGSQGNLIF","TRAJ42*01","TRBV19*03","CASSVRSSYEQYF","TRBJ2-7*01","M1+cells in BR stim line"
"HD044","GILGFVFTL,YVLDHLIVV","TRAV27*01","CAGAGGGSQGNLIF","TRAJ42*01","TRBV19*03","CASSGRSTDTQYX","TRBJ2-3*01","M1+cells in BR stim line"
"HD044","GILGFVFTL,YVLDHLIVV","TRAV8-4*05","CAVSDQDNDMSX","TRAJ43*01","TRBV19*01","CASSVRSSYEXYF","TRBJ2-7*01","M1+cells in BR stim line"
"HD044","GILGFVFTL,YVLDHLIVV","TRAV8-4*05","CAVSDQDNDMRF","TRAJ43*01","TRBV2*03","CASKFRDHYEQYF","TRBJ2-7*01","M1+cells in BR stim line"
"HD044","GILGFVFTL,YVLDHLIVV","TRAV8-4*05","CAVSDQDNDMRF","TRAJ43*01","TRBV19*02","CASSSFGNGNQPQHF","TRBJ1-5*01","M1+cells in BR stim line"
"HD044","GILGFVFTL,YVLDHLIVV","TRAV27*01","CAGGGSQGNLIF","TRAJ42*01","TRBV19*03","CASSVRSSYEQYF","TRBJ2-7*01","M1+cells in BR stim line"
"HD044","GILGFVFTL,YVLDHLIVV","TRAV5*01","CAEPRDSNYQLIW","TRAJ33*01","TRBV27*01","CASIGSGYPYNEQFF","TRBJ2-1*01","M1+cells in BR stim line"
"HD044","GILGFVFTL,YVLDHLIVV","TRAV5*01","CAEPRDSNYQLIW","TRAJ33*01","TRBV27*01","CASIGSGYPYNEQFF","TRBJ2-1*01","M1+cells in BR stim line"
"HD044","GILGFVFTL,YVLDHLIVV","TRAV5*01","CAEPRDSNYQLIW","TRAJ33*01","TRBV27*01","CASIGSGYPYNEQFF","TRBJ2-1*01","M1+cells in BR stim line"
"HD044","GILGFVFTL,YVLDHLIVV","TRAV8-4*05","CAVSDQDNDMRF","TRAJ43*01","TRBV19*02","CASSSFGNGNQPQHF","TRBJ1-5*01","M1+cells in BR stim line"
"HD044","GILGFVFTL,YVLDHLIVV","TRAV19*01","CALSEATGYSTLTF","TRAJ11*01","TRBV7-9*01","CASSLVLGYYNEQFF","TRBJ2-1*01","M1+cells in BR stim line"
"HD044","GILGFVFTL,YVLDHLIVV","TRAV35*01","CAGQLAGGSQGNLIF","TRAJ42*01","TRBV19*03","CASTGLSIQPQHF","TRBJ1-5*01","M1+cells in BR stim line"
"HD044","GILGFVFTL,YVLDHLIVV","TRAV4*01","CLVLESNYQLIW","TRAJ33*01","TRBV27*01","CASSRSHSNQPQHF","TRBJ1-5*01","M1+cells in BR stim line"
"HD044","GILGFVFTL,YVLDHLIVV","TRAV27*01","CAGGGSQGNLIF","TRAJ42*01","TRBV19*01","CASSVRSSYEQYF","TRBJ2-7*01","M1+cells in BR stim line"
"HD044","GILGFVFTL,YVLDHLIVV","TRAV5*01","CAEPRDSNYQLIW","TRAJ33*01","TRBV27*01","CASIGSGYPYNEQFF","TRBJ2-1*01","M1+cells in BR stim line"
"HD044","GILGFVFTL,YVLDHLIVV","TRAV27*01","CAGGGSQGNLIF","TRAJ42*01","TRBV19*02","CASSVRSSYEQYF","TRBJ2-7*01","M1+cells in BR stim line"
"HD044","GILGFVFTL,YVLDHLIVV","TRAV35*01","CAGQLAGGSQGNLIF","TRAJ42*01","TRBV19*03","CASTGLSIQPQHF","TRBJ1-5*01","M1+cells in BR stim line"
"HD044","GILGFVFTL,YVLDHLIVV","TRAV1-2*01","CALHPGNDYKLSF","TRAJ20*01","TRBV5-5*01","CASSSGQVTNEKLFX","TRBJ1-4*01","M1+cells in BR stim line"
"HD044","GILGFVFTL,YVLDHLIVV","TRAV8-4*05","CAVSDQDNDMRF","TRAJ43*01","TRBV19*01","CASSSFGNGNQPQHF","TRBJ1-5*01","M1+cells in BR stim line"
"HD044","GILGFVFTL,YVLDHLIVV","TRAV5*01","CAEPRDSNYQLIW","TRAJ33*01","TRBV27*01","CASIGSGYPYNEQFF","TRBJ2-1*01","M1+cells in BR stim line"
"HD044","GILGFVFTL,YVLDHLIVV","TRAV14/DV4*02","CAMRRGGNFNKFYF","TRAJ21*01","TRBV29-1*02","CSVGTASYNEQFF","TRBJ2-1*01","M1+cells in BR stim line"
"HD044","GILGFVFTL,YVLDHLIVV","TRAV8-4*05","CAVSDQDNDMRF","TRAJ43*01","TRBV19*02","CASSSFGNGNQPQHF","TRBJ1-5*01","M1+cells in BR stim line"
"HD044","GILGFVFTL,YVLDHLIVV","TRAV8-4*05","CAVSDQDNDMRF","TRAJ43*01","TRBV19*02","CASSSFGNGNQPQHF","TRBJ1-5*01","M1+cells in BR stim line"
"HD044","GILGFVFTL,YVLDHLIVV","TRAV8-4*05","CAVSDQDNDMRF","TRAJ43*01","TRBV19*01","CASSSFGNGNQPQHF","TRBJ1-5*01","M1+cells in BR stim line"
"HD044","GILGFVFTL,YVLDHLIVV","TRAV8-4*05","CAVSDQDNDMRF","TRAJ43*01","TRBV19*01","CASSSFGNGNQPQHF","TRBJ1-5*01","M1+cells in BR stim line"
"HD044","GILGFVFTL,YVLDHLIVV","TRAV8-4*05","CAVSDQDNDMRF","TRAJ43*01","TRBV19*02","CASSSFGNGNQPQHF","TRBJ1-5*01","M1+cells in BR stim line"
"HD044","GILGFVFTL,YVLDHLIVV","TRAV27*01","CAGGGSQGNLIF","TRAV27*01","TRBV19*02","CASSIRSSYEQYF","TRBJ2-7*01","M1+BR+ cells in M1 stim line"
"HD044","GILGFVFTL,YVLDHLIVV","TRAV24*01","CAPNSGYSTLTF","TRAV24*01","TRBV27*01","CASIGSGYPYNEQFF","TRBJ2-1*01","M1+BR+ cells in M1 stim line"
"HD044","GILGFVFTL,YVLDHLIVV","TRAV12-2*01","CAVNRVDSSYKLIF","TRAV12-2*01","TRBV4-2*01","CASRNIRQDGYTF","TRBJ1-2*01","M1+BR+ cells in M1 stim line"
"HD044","GILGFVFTL,YVLDHLIVV","TRAV3*01","CAVRGTNAGKSTF","TRAV3*01","TRBV29-1*02","CSVGTASYNEQFF","TRBJ2-1*01","M1+BR+ cells in M1 stim line"
"HD044","GILGFVFTL,YVLDHLIVV","TRAV27*01","CAGGGSQGNLIF","TRAV27*01","TRBV19*02","CASSIRSSYEQYF","TRBJ2-7*01","M1+BR+ cells in M1 stim line"
"ES179","GILGFVFTL","TRAV20*01","CAVQPPNFGNEKLTF","TRAJ48*01","TRBV19*01;TRBV19*02","CASSGRSTDTQYF","TRBJ2-3*01","M1+cells in M1  stim line"
"ES179","GILGFVFTL","TRAV25*01","CAGNYGGSQGNLIF","TRAJ42*01","TRBV19*01;TRBV19*02","CASSPRSTDTQYF","TRBJ2-3*01","M1+cells in M1  stim line"
"ES179","GILGFVFTL","TRAV20*01","CAVQPPNFGNEKLTF","TRAJ48*01","TRBV19*01;TRBV19*02","CASSGRSTDTQYF","TRBJ2-3*01","M1+cells in M1  stim line"
"ES179","GILGFVFTL","TRAV6*01","CALDKGGGSQGNLIF","TRAJ42*01","TRBV19*01;TRBV19*02","CASSTRSTDTQYF","TRBJ2-3*01","M1+cells in M1  stim line"
"ES179","GILGFVFTL","TRAV6*01","CALDMGGGSQGNLIF","TRAJ42*01","TRBV19*01;TRBV19*02","CASSTRSTDTQYF","TRBJ2-3*01","M1+cells in M1  stim line"
"ES179","GILGFVFTL","TRAV27*01","CAAGGSQGNLIF","TRAJ42*01","TRBV19*01;TRBV19*02","CASSIRSSYEQYF","TRBJ2-7*01","M1+cells in M1  stim line"
"ES179","GILGFVFTL","TRAV6*01","CALDMGGGSQGNLIF","TRAJ42*01","TRBV19*01;TRBV19*02","CASSTRSTDTQYF","TRBJ2-3*01","M1+cells in M1  stim line"
"ES179","GILGFVFTL,YVLDHLIVV","TRAV27","CAGAPMEYGNKLVF","TRAJ47*02","TRBV18*01","CASSRTGLNTEAFF","TRBJ1-1*01","M1+cells in BR  stim line"
"ES179","GILGFVFTL,YVLDHLIVV","TRAV22*01","CAVEPYSGTYKYIF","TRAJ40*01","TRBV4-3*01","CASSQDPVSGATDTQYF","TRBJ2-3*01","M1+cells in BR  stim line"
"ES179","GILGFVFTL,YVLDHLIVV","TRAV25*01","CAGNYGGSQGNLIF","TRAJ42*01","TRBV19*01;TRBV19*02","CASSPRSTDTQYF","TRBJ2-3*01","M1+cells in BR  stim line"
"ES179","GILGFVFTL,YVLDHLIVV","TRAV27*01","CAGGGSQGNLIF","TRAJ42*01","TRBV19*01;TRBV19*02","CASSIRSSYEQYF","TRBJ2-7*01","M1+cells in BR  stim line"
"ES179","GILGFVFTL,YVLDHLIVV","TRAV27*01","CAGGGSQGNLIF","TRAJ42*01","TRBV19*01;TRBV19*02","CASSIRSSYEQYF","TRBJ2-7*01","M1+cells in BR  stim line"
"ES179","GILGFVFTL,YVLDHLIVV","TRAV25*01","CAGNYGGSQGNLIF","TRAJ42*01","TRBV19*01;TRBV19*02","CASSPRSTDTQYF","TRBJ2-3*01","M1+cells in BR  stim line"
"ES179","GILGFVFTL,YVLDHLIVV","TRAV27*01","CAGGGSQGNLIF","TRAJ42*01","TRBV19*01;TRBV19*02","CASSIRSSYEQYF","TRBJ2-7*01","M1+cells in BR  stim line"
"ES179","GILGFVFTL,YVLDHLIVV","TRAV27*01","CAGGGSQGNLIF","TRAJ42*01","TRBV19*01;TRBV19*02","CASSIRSSYEQYF","TRBJ2-7*01","M1+cells in BR  stim line"
"ES179","GILGFVFTL,YVLDHLIVV","TRAV25*01","CAGNYGGSQGNLIF","TRAJ42*01","TRBV19*01;TRBV19*02","CASSPRSTDTQYF","TRBJ2-3*01","M1+cells in BR  stim line"
"ES179","GILGFVFTL,YVLDHLIVV","TRAV27*01","CAAGGSQGNLIF","TRAJ42*01","TRBV19*01;TRBV19*02","CASSIRSSYEQYF","TRBJ2-7*01","M1+cells in BR  stim line"
"ES179","GILGFVFTL,YVLDHLIVV","TRAV22*01","CHVEPYSGTYKYIF","TRAJ40*01","TRBV4-3*01","CASSQDPVSGATDTQYF","TRBJ2-3*01","M1+cells in BR  stim line"
"ES179","GILGFVFTL,YVLDHLIVV","TRAV27*01","CAGGGSQGNLIF","TRAJ42*01","TRBV19*01;TRBV19*02","CASSIRSSYEQYF","TRBJ2-7*01","M1+cells in BR  stim line"
"ES179","GILGFVFTL,YVLDHLIVV","TRAV22*01","CAVEPYSGTYKYIF","TRAJ40*01","TRBV4-3*01","CASSQDPVSGATDTQYF","TRBJ2-3*01","M1+cells in BR  stim line"
"ES179","GILGFVFTL,YVLDHLIVV","TRAV25*01","CAGNYGGSQGNLIF","TRAJ42*01","TRBV19*01;TRBV19*02","CASSPRSTDTQYF","TRBJ2-3*01","M1+cells in BR  stim line"
"ES179","GILGFVFTL,YVLDHLIVV","TRAV8-3*01","CAVGAESGGYNKLIF","TRAJ4*01","TRBV19*01;TRBV19*02;TRBV19*03","CASRLAPTDTQYF","TRBJ2-3*01","M1+cells in BR  stim line"
"ES179","GILGFVFTL,YVLDHLIVV","TRAV27*01","CAGGGSQGNLIF","TRAJ42*01","TRBV19*01;TRBV19*02","CASSIRSSYEQYF","TRBJ2-7*01","M1+cells in BR  stim line"
"ES179","GILGFVFTL,YVLDHLIVV","TRAV27*01","CAGAPMEYGNKLVF","TRAJ47*02","TRBV18*01","CASSRTGLNTEAFF","TRBJ1-1*01","M1+cells in BR  stim line"
"ES179","GILGFVFTL,YVLDHLIVV","TRAV8-3*01","CAVGAESGGYNKLIF","TRAJ4*01","TRBV19*01;TRBV19*02;TRBV19*03","CASRLAPTDTQYF","TRBJ2-3*01","M1+cells in BR  stim line"
"ES179","GILGFVFTL,YVLDHLIVV","TRAV25*01","CAGNYGGSQGNLIF","TRAJ42*01","TRBV19*01;TRBV19*02","CASSPRSTDTQYF","TRBJ2-3*01","M1+cells in BR  stim line"
"ES179","GILGFVFTL,YVLDHLIVV","TRAV8-3*01","CAVGAESGGYNKLIF","TRAJ4*01","TRBV19*01;TRBV19*02;TRBV19*03","CASRLAPTDTQYF","TRBJ2-3*01","M1+cells in BR  stim line"
"ES179","GILGFVFTL,YVLDHLIVV","TRAV27*01","CAGGGSQGNLIF","TRAJ42*01","TRBV19*01;TRBV19*02","CASSIRSSYEQYF","TRBJ2-7*01","M1+cells in BR  stim line"
"ES179","GILGFVFTL,YVLDHLIVV","TRAV1-1*01","CAVRDNDYKLSF","TRAJ20*01","TRBV19*01;TRBV19*02","CASSPRSTDTQYF","TRBJ2-3*01","M1+cells in BR  stim line"
"ES179","GILGFVFTL,YVLDHLIVV","TRAV8-3*01","CAVGAESGGYNKLIF","TRAJ4*01","TRBV19*01;TRBV19*02;TRBV19*03","CASRLAPTDTQYF","TRBJ2-3*01","M1+cells in BR  stim line"
"ES179","GILGFVFTL,YVLDHLIVV","TRAV22*01","CAVEPYSGTYKYIF","TRAJ40*01","TRBV4-3*01","CASSQDPVSGATDTQYF","TRBJ2-3*01","M1+cells in BR  stim line"
"ES179","GILGFVFTL,YVLDHLIVV","TRAV1-1*01","CAVRDNDYKLSF","TRAJ20*01","TRBV19*01;TRBV19*02","CASSPRSTDTQYF","TRBJ2-3*01","M1+cells in BR  stim line"
"ES179","GILGFVFTL,YVLDHLIVV","TRAV8-3*01","CAVGAESGGYNKLIF","TRAJ4*01","TRBV19*01;TRBV19*02;TRBV19*03","CASRLAPTDTQYF","TRBJ2-3*01","M1+cells in BR  stim line"
"ES179","GILGFVFTL,YVLDHLIVV","TRAV22*01","CAVEPYSGTYKYIF","TRAJ40*01","TRBV4-3*01","CASSQDPVSGATDTQYF","TRBJ2-3*01","M1+cells in BR  stim line"
"ES179","GILGFVFTL,YVLDHLIVV","TRAV27*01","CAGAPMEYGNKLVF","TRAJ47*02","TRBV18*01","CASSRTGLNTEAFF","TRBJ1-1*01","M1+cells in BR  stim line"
"ES179","GILGFVFTL,YVLDHLIVV","TRAV25*01","CAGNYGGSQGNLIF","TRAJ42*01","TRBV19*01;TRBV19*02","CASSPRSTDTQYF","TRBJ2-3*01","M1+cells in BR  stim line"
"ES179","GILGFVFTL,YVLDHLIVV","TRAV27*01","CAGAPMEYGNKLVF","TRAJ47*02","TRBV18*01","CASSRTGLNTEAFF","TRBJ1-1*01","M1+cells in BR  stim line"
"ES179","GILGFVFTL,YVLDHLIVV","TRAV27*01","CAGAPMEYGNKLVF","TRAJ47*02","TRBV18*01","CASSRTGLNTEAFF","TRBJ1-1*01","M1+cells in BR  stim line"
"ES179","GILGFVFTL,YVLDHLIVV","TRAV27*01","CAGGGSQGNLIF","TRAJ42*01","TRBV19*01;TRBV19*02","CASSIRSSYEQYF","TRBJ2-7*01","M1+cells in BR  stim line"
"ES179","GILGFVFTL,YVLDHLIVV","TRAV25*01","CAGNYGGSQGNLIF","TRAJ42*01","TRBV19*01;TRBV19*02","CASSPRSTDTQYF","TRBJ2-3*01","M1+cells in BR  stim line"
"ES179","GILGFVFTL,YVLDHLIVV","TRAV38-1*01","CAFMTNAGGTSYGKLTF","TRAJ52*01","TRBV19*01;TRBV19*02","CASSQGSHGYTF","TRBJ1-2*01","M1+cells in BR  stim line"
"ES179","GILGFVFTL,YVLDHLIVV","TRAV25*01","CAGNYGGSQGNLIF","TRAJ42*01","TRBV19*01;TRBV19*02","CASSPRSTDTQYF","TRBJ2-3*01","M1+cells in BR  stim line"
"ES179","GILGFVFTL,YVLDHLIVV","TRAV25*01","CAGNYGGSQGNLIF","TRAJ42*01","TRBV19*01;TRBV19*02","CASSPRSTDTQYF","TRBJ2-3*01","M1+cells in BR  stim line"
"ES179","GILGFVFTL,YVLDHLIVV","TRAV25*01","CAGNYGGSQGNLIF","TRAJ42*01","TRBV19*01;TRBV19*02","CASSPRSTDTQYF","TRBJ2-3*01","M1+cells in BR  stim line"
"ES179","GILGFVFTL,YVLDHLIVV","TRAV27*01","CAGGGSQGNLIF","TRAJ42*01","TRBV19*01;TRBV19*02","CASSIRSSYEQYF","TRBJ2-7*01","M1+cells in BR  stim line"
"ES179","GILGFVFTL,YVLDHLIVV","TRAV25*01","CAGNYGGSQGNLIF","TRAJ42*01","TRBV19*01;TRBV19*02","CASSPRSTDTQYF","TRBJ2-3*01","M1+cells in BR  stim line"
"ES179","GILGFVFTL,YVLDHLIVV","TRAV8-3*01","CAVGAESGGYNKLIF","TRAJ4*01","TRBV19*01;TRBV19*02;TRBV19*03","CASRLAPTDTQYF","TRBJ2-3*01","M1+cells in BR  stim line"
"ES179","GILGFVFTL,YVLDHLIVV","TRAV25*01","CAGNYGGSQGNLIF","TRAJ42*01","TRBV19*01;TRBV19*02","CASSPRSTDTQYF","TRBJ2-3*01","M1+cells in BR  stim line"
"ES179","GILGFVFTL,YVLDHLIVV","TRAV25*01","CAGNYGGSQGNLIF","TRAJ42*01","TRBV19*02","CASSPRSTDTQYF","TRBJ2-3*01","M1+BR+cells in M1stim line"
"ES179","GILGFVFTL,YVLDHLIVV","TRAV25*01","CAGNYGGSQGNLIF","TRAJ42*01","TRBV19*02","CASSPRSTDTQYF","TRBJ2-3*01","M1+BR+cells in M1stim line"
"ES179","GILGFVFTL,YVLDHLIVV","TRAV8-2*01","CVVSDFGSNSGYALNF","TRAJ41*01","TRBV19*02","CASSMMTIGDSPLHF","TRBJ1-6*01","M1+BR+cells in M1stim line"
"ES179","GILGFVFTL,YVLDHLIVV","TRAV12-2*03","CAVGWDQAGTALIF","TRAJ15*01","TRBV11-3*02","CASSPRMRDRGYNEQFF","TRBJ2-1*01","M1+BR+cells in M1stim line"
"ES179","GILGFVFTL,YVLDHLIVV","TRAV27*01","CAAGGSQGNLIF","TRAJ42*01","TRBV19*02","CASSIRSSYEQYF","TRBJ2-7*01","M1+BR+cells in M1stim line"
"ES179","GILGFVFTL,YVLDHLIVV","TRAV16*01","CALKDTDKLIF","TRAJ34*01","TRBV25-1*01","CASSEWFSYNEQFF","TRBJ2-1*01","M1+BR+cells in M1stim line"
"ES179","GILGFVFTL,YVLDHLIVV","TRAV35*01","CAGQSNDGGTSYGKLTF","TRAJ52*01","TRBV29-1*01","CSVEDGYEQYF","TRBJ2-7*01","M1+BR+cells in M1stim line"
"ES179","GILGFVFTL,YVLDHLIVV","TRAV25*01","CAGNYGGSQGNLIF","TRAJ42*01","TRBV19*02","CASSPRSTDTQYF","TRBJ2-3*01","M1+BR+cells in M1stim line"
"ES179","GILGFVFTL,YVLDHLIVV","TRAV20*01","CAVQPPNFGNEKLTF","TRAJ48*01","TRBV19*02","CASSGRSTDTQYF","TRBJ2-3*01","M1+BR+cells in M1stim line"
"ES179","GILGFVFTL,YVLDHLIVV","TRAV27*01","CAAGGSQGNLIF","TRAJ42*01","TRBV19*02","CASSIRSSYEQYF","TRBJ2-7*01","M1+BR+cells in M1stim line"
"ES179","GILGFVFTL,YVLDHLIVV","TRAV1-2*01","CAVRRGSTLGRLYF","TRAJ18*01","TRBV2*03","CASSTPGGQGIRARDLGQFF","TRBJ2-1*01","M1+BR+cells in M1stim line"
"ES179","GILGFVFTL,YVLDHLIVV","TRAV8-2*01","CVVSRDSGGYQKVTF","TRAJ13*01","TRBV20/OR9-2*03","CSARGTSEYEQYF","TRBJ2-7*01","M1+BR+cells in M1stim line"
"ES179","GILGFVFTL,YVLDHLIVV","TRAV20*01","CAVQPPNFGNEKLTF","TRAJ48*01","TRBV19*02","CASSGRSTDTQYF","TRBJ2-3*01","M1+BR+cells in M1stim line"
"ES179","GILGFVFTL,YVLDHLIVV","TRAV6*01","CALDMGGGSQGNLIF","TRAJ42*01","TRBV19*02","CASSTRSTDTQYF","TRBJ2-3*01","M1+BR+cells in M1stim line"
"ES179","GILGFVFTL,YVLDHLIVV","TRAV20*01","CAVQPPNFGNEKLTF","TRAJ48*01","TRBV19*02","CASSGRSTDTQYF","TRBJ2-3*01","M1+BR+cells in M1stim line"
"ES179","GILGFVFTL,YVLDHLIVV","TRAV27*01","CAGGGSQGNLIF","TRAJ42*01","TRBV19*02","CASSIRSSYEQYF","TRBJ2-7*01","M1+BR+cells in M1stim line"
"ES179","GILGFVFTL,YVLDHLIVV","TRAV1-1*01","CAVRDNDYKLSF","TRAJ20*01","TRBV5-1*01","CASSLAEQGYNEQFF","TRBJ2-1*01","M1+BR+cells in M1stim line"
"ES556","GILGFVFTL","TRAV27*01","CAAGGSQGNLIF","TRAV27*01","TRBV19*01","CASSVRSSYEQYF","TRBJ2-7*01","M1+cells in M1  stim line"
"ES556","GILGFVFTL","TRAV27*01","CAGGGSQGNLIF","TRAV27*01","TRBV19*01","CASSIRSAYEQYF","TRBJ2-7*01","M1+cells in M1  stim line"
"ES556","GILGFVFTL","TRAV5*01","CAETGGGSQGNLIF","TRAV5*01","TRBV19*01","CASSIRSSYEQYF","TRBJ2-7*01","M1+cells in M1  stim line"
"ES556","GILGFVFTL","TRAV16*01","CALSGPRSNYQLIW","TRAV16*01","TRBV19*01","CASSSRSTDTQYF","TRBJ2-3*01","M1+cells in M1  stim line"
"ES556","GILGFVFTL","TRAV27*01","CAGGGSQGNLIF","TRAV27*01","TRBV19*01","CASSIRSSYEQYF","TRBJ2-7*01","M1+cells in M1  stim line"
"ES556","GILGFVFTL","TRAV5*01","CAENQGGGSQGNLIF","TRAV5*01","TRBV19*01","CASSSRSSGELFF","TRBJ2-2*01","M1+cells in M1  stim line"
"ES556","GILGFVFTL","TRAV27*01","CAGANGGSQGNLIF","TRAV27*01","TRBV19*01","CASSKRSSGELFF","TRBJ2-2*01","M1+cells in M1  stim line"
"ES556","GILGFVFTL","TRAV27*01","CAGGGSSNTGKLIF","TRAV27*01","TRBV19*01","CASSIRSSYEQYF","TRBJ2-7*01","M1+cells in M1  stim line"
"ES556","GILGFVFTL","TRAV38-2/DV8*01","CAYSSSAGGTSYGKLTF","TRAV38-2/DV8*01","TRBV19*01","CASSIGLYGYTF","TRBJ1-2*01","M1+cells in M1  stim line"
"ES556","GILGFVFTL","TRAV27*01","CAAGGSQGNLIF","TRAV27*01","TRBV19*01","CASSVRSSYEQYF","TRBJ2-7*01","M1+cells in M1  stim line"
"ES556","GILGFVFTL","TRAV16*01","CARKSYGQNFVF","TRAV16*01","TRBV19*01","CASSIRSSYEQYF","TRBJ2-7*01","M1+cells in M1  stim line"
"ES556","GILGFVFTL","TRAV27*01","CAGSSGNTGKLIF","TRAV27*01","TRBV19*01","CASSIRSGYEQYF","TRBJ2-7*01","M1+cells in M1  stim line"
"ES556","GILGFVFTL","TRAV12-1*01","CVVRVDYKLSF","TRAV12-1*01","TRBV28*01","CASSPVDRSLNQPQHF","TRBJ1-5*01","M1+cells in M1  stim line"
"ES556","GILGFVFTL","TRAV27*01","CAGAGGGSQGNLIF","TRAV27*01","TRBV19*01","CASSGRSTDTQYF","TRBJ2-3*01","M1+cells in M1  stim line"
"ES556","GILGFVFTL","TRAV35*02","CAGGGYGGSQGNLIF","TRAV35*01","TRBV19*01","CASSSRSSGELFF","TRBJ2-2*01","M1+cells in M1  stim line"
"ES556","GILGFVFTL","TRAV30*01","CGTDTTDSWGKFQF","TRAV30*01","TRBV19*01","CASSSRGSDTQYF","TRBJ2-3*01","M1+cells in M1  stim line"
"ES556","GILGFVFTL","TRAV27*01","CAGVDGGSQGNLIF","TRAV27*01","TRBV19*01","CASSIRSSYEQYF","TRBJ2-7*01","M1+cells in M1  stim line"
"ES556","GILGFVFTL","TRAV27*01","CAGGGSSNTGKLIF","TRAV27*01","TRBV19*01","CASSIRSSYEQYF","TRBJ2-7*01","M1+cells in M1  stim line"
"ES556","GILGFVFTL","TRAV12-3*02","CAMSGDGGSQGNLIF","TRAV12-3*01","TRBV19*01","CASSTRSGYEQFF","TRBJ2-1*01","M1+cells in M1  stim line"
"ES556","GILGFVFTL","TRAV27*01","CAGASGNTGKLIF","TRAV27*01","TRBV19*01","CASSIRSSYEQYF","TRBJ2-7*01","M1+cells in M1  stim line"
"ES556","GILGFVFTL","TRAV27*01","CAGGGGGSQGNLIF","TRAV27*01","TRBV19*01","CASSFRSSYEQYF","TRBJ2-7*01","M1+cells in M1  stim line"
"ES556","YVLDHLIVV","TRAV13-1*01","CAASNSGTYKYIF","TRAJ40*01","TRBV9*01","CASSVGANNSPLHF","TRBJ1-6*01","BR+cells in BR stim line"
"ES556","GILGFVFTL,YVLDHLIVV","TRAV8-1*01","CAVKDTDKLIF","TRAJ34*01","TRBV4-2*01","CASSPDYNEQFF","TRBJ2-1*01","BR+cells in M1 stim line"
"ES556","GILGFVFTL,YVLDHLIVV","TRAV19*01","CALTRRYDKIIF","TRAJ30*01","TRBV2*03","CASSVEASSSTDTQYF","TRBJ2-3*01","BR+cells in M1 stim line"
"ES556","GILGFVFTL,YVLDHLIVV","TRAV8-1*01","CAVNNAGKSTF","TRAJ27*01","TRBV3-2*02","CASSQEPASGETQYF","TRBJ2-5*01","BR+cells in M1 stim line"
"ES556","GILGFVFTL,YVLDHLIVV","TRAV12-2*03","CAANNARLMF","TRAJ31*01","TRBV29-1*02","CSVPDRGDINEQFF","TRBJ2-1*01","BR+cells in M1 stim line"
"ES556","GILGFVFTL,YVLDHLIVV","TRAV13-1*01","CAASNSGTYKYIF","TRAJ40*01","TRBV9*01","CASSVGANNSPLHF","TRBJ1-6*01","BR+cells in M1 stim line"
"ES556","GILGFVFTL,YVLDHLIVV","TRAV8-1*01","CAVKDTDKLIF","TRAJ34*01","TRBV4-2*01","CASSPDYNEQFF","TRBJ2-1*01","BR+cells in M1 stim line"
"ES556","GILGFVFTL,YVLDHLIVV","TRAV8-1*01","CAVKDTDKLIF","TRAJ34*01","TRBV19*03","CASSGYNEQFF","TRBJ2-1*01","BR+cells in M1 stim line"
"ES556","GILGFVFTL,YVLDHLIVV","TRAV8-1*01","CAVKDTDKLIF","TRAJ34*01","TRBV24/OR9-2*01","CATSDLFGNEQFF","TRBJ2-1*01","BR+cells in M1 stim line"
"ES556","GILGFVFTL,YVLDHLIVV","TRAV8-1*01","CAVKDTDKLIF","TRAJ34*01","TRBV4-2*01","CASSPDYNEQFF","TRBJ2-1*01","BR+cells in M1 stim line"
"ES556","GILGFVFTL,YVLDHLIVV","TRAV8-1*01","CAVNSGYALNF","TRAJ41*01","TRBV30*01","CAWSVPLGSNQPQHF","TRBJ1-5*01","BR+cells in M1 stim line"
"ES556","GILGFVFTL,YVLDHLIVV","TRAV22*01","CAVGYSSASKIIF","TRAJ3*01","TRBV27*01","CASSPRGTYNSPLHF","TRBJ1-6*01","BR+cells in M1 stim line"
"ES556","GILGFVFTL,YVLDHLIVV","TRAV8-1*01","CAVRNTGKLIF","TRAJ37*02","TRBV6-6*03","CASSHSGPEQFF","TRBJ2-1*01","BR+cells in M1 stim line"
"ES556","GILGFVFTL,YVLDHLIVV","TRAV8-1*01","CAVKDTDKLIF","TRAJ34*01","TRBV4-2*01","CASSPDYNEQFF","TRBJ2-1*01","BR+cells in M1 stim line"
"ES556","GILGFVFTL,YVLDHLIVV","TRAV26-1*01","CIVRVRDNFNKFYF","TRAJ21*01","TRBV5-1*01","CASSFLSGLAGGTDTQYF","TRBJ2-3*01","BR+cells in M1 stim line"
"ES556","GILGFVFTL,YVLDHLIVV","TRAV8-1*01","CAVKDTDKLIF","TRAJ34*01","TRBV7-2*04","CASSPPGLQYGYTF","TRBJ1-2*01","BR+cells in M1 stim line"
"ES556","GILGFVFTL,YVLDHLIVV","TRAV13-1*01","CAASNSGTYKYIF","TRAJ40*01","TRBV9*01","CASSVGANNSPLHF","TRBJ1-6*01","BR+cells in M1 stim line"
"ES556","GILGFVFTL,YVLDHLIVV","TRAV8-1*01","CAVNSGYALNF","TRAJ41*01","TRBV30*01","CAWSVPLGSNQPQHF","TRBJ1-5*01","BR+cells in M1 stim line"
"ES556","GILGFVFTL,YVLDHLIVV","TRAV20*01","CAVRGYNAGNKFTF","TRAJ39*01","TRBV5-4*01","CASSFENEETQYF","TRBJ2-5*01","BR+cells in M1 stim line"
"ES556","GILGFVFTL,YVLDHLIVV","TRAV13-1*01","CAASNSGTYKYIF","TRAJ40*01","TRBV9*01","CASSVGANNSPLHF","TRBJ1-6*01","BR+cells in M1 stim line"
"ES556","GILGFVFTL,YVLDHLIVV","TRAV14/DV4*01","CAMREGLGNFNKFYF","TRAJ21*01","TRBV13*02","CANPRALNYGYTF","TRBJ1-2*01","BR+cells in M1 stim line"
"ES556","GILGFVFTL,YVLDHLIVV","TRAV8-1*01","CAVKDTDKLIF","TRAJ34*01","TRBV4-2*01","CASSPDYNEQFF","TRBJ2-1*01","BR+cells in M1 stim line"
"ES556","GILGFVFTL,YVLDHLIVV","TRAV8-1*01","CAVRNTGKLIF","TRAJ37*02","TRBV6-6*03","CASSHSGPEQFF","TRBJ2-1*01","BR+cells in M1 stim line"
"ES556","GILGFVFTL,YVLDHLIVV","TRAV8-1*01","CAVKDTDKLIF","TRAJ34*01","TRBV4-2*01","CASSPDYNEQFF","TRBJ2-1*01","BR+cells in M1 stim line"
"ES556","GILGFVFTL,YVLDHLIVV","TRAV8-1*01","CAVGSQGNLIF","TRAJ42*01","TRBV6-5*01","CASSSILGSASTQYF","TRBJ2-5*01","BR+cells in M1 stim line"
"ES556","GILGFVFTL,YVLDHLIVV","TRAV12-2*03","CAAPYNFNKFYF","TRAJ21*01","TRBV12-4*01","CASSLVGVNEQYF","TRBJ2-7*01","BR+cells in M1 stim line"
"ES556","GILGFVFTL,YVLDHLIVV","TRAV38-2/DV8*01","CAYRRRGQKLLF","TRAJ16*01","TRBV9*01","CASSVNPLAGRDTQYF","TRBJ2-3*01","BR+cells in M1 stim line"
"ES556","GILGFVFTL,YVLDHLIVV","TRAV22*01","CVVQFYF","TRAJ49*01","TRBV20/OR9-2*03","CSATRPTNYGYTF","TRBJ1-2*01","BR+cells in M1 stim line"
"ES556","GILGFVFTL,YVLDHLIVV","TRAV13-1*01","CAASNSGTYKYIF","TRAJ40*01","TRBV9*01","CASSVGANNSPLHF","TRBJ1-6*01","BR+cells in M1 stim line"
"ES556","GILGFVFTL,YVLDHLIVV","TRAV25*01","CAGSSNDYKLSF","TRAJ20*01","TRBV20/OR9-2*03","CSARGTMFYEQYF","TRBJ2-7*01","BR+cells in M1 stim line"
"ES556","GILGFVFTL,YVLDHLIVV","TRAV12-2*03","CAAPYNFNKFYF","TRAJ21*01","TRBV12-4*01","CASSLVGVNEQYF","TRBJ2-7*01","BR+cells in M1 stim line"
"ES556","GILGFVFTL,YVLDHLIVV","TRAV8-1*01","CAVKDTDKLIF","TRAJ34*01","TRBV24/OR9-2*01","CATSDLFGNEQFF","TRBJ2-1*01","BR+cells in M1 stim line"
"ES556","GILGFVFTL,YVLDHLIVV","TRAV8-1*01","CAVKDTDKLIF","TRAJ34*01","TRBV24/OR9-2*01","CATSDLFGNEQFF","TRBJ2-1*01","BR+cells in M1 stim line"
"D035","YVLDHLIVV","TRAV8-1*01","CAVKDTDKLIF","TRAJ34*01","TRBV20-1*01","CSANDRAYNEQFF","TRBJ2-1*01","BR+cells in BR stim line"
"D035","YVLDHLIVV","TRAV8-1*01","CAVKDTDKLIF","TRAJ34*01","TRBV24-1*01","CATSDFLAAEDTQYF","TRBJ2-3*01","BR+cells in BR stim line"
"D035","YVLDHLIVV","TRAV8-1*01","CAVKDTDKLIF","TRAJ34*01","TRBV20-1*01","CSANDRAYNEQFF","TRBJ2-1*01","BR+cells in BR stim line"
"D035","YVLDHLIVV","TRAV8-1*01","CAVKDTDKLIF","TRAJ34*01","TRBV24-1*01","CATSDFLAAEDTQYF","TRBJ2-3*01","BR+cells in BR stim line"
"D035","YVLDHLIVV","TRAV8-1*01","CAVKDTDKLIF","TRAJ34*01","TRBV24-1*01","CATSDFLAAEDTQYF","TRBJ2-3*01","BR+cells in BR stim line"
"E1632","YVLDHLIVV","TRAV14","CAMREGGNFNKFYF","TRAJ21","TRBV29-1","CSVGGTGSGTSGAYSYNEQFF","TRBJ2-2","BRLF1109-117 (YVLDHLIVV) v1"
"E1632","YVLDHLIVV","TRAV14","CAMREGGNFNKFYF","TRAJ21","TRBV20-1","CSVAKPAGLAGGSNTGELFF","TRBJ2-7","BRLF1109-117 (YVLDHLIVV) v1"
"E1632","YVLDHLIVV","TRAV8-1","CAVKDTDKLIF","TRAJ34","TRBV6-2","CSASYPAGLQAGGGDEQYF","TRBJ2-1","BRLF1109-117 (YVLDHLIVV) v1"
"E1632","YVLDHLIVV","TRAV27","CAGPLTGKLIF","TRAJ37","TRBV27","CSVGGTGSGTSGAYSYNEQFF","TRBJ1-1","BRLF1109-117 (YVLDHLIVV) v1"
"E1632","YVLDHLIVV","TRAV14","CAMREGGNFNKFYF","TRAJ21","TRBV29-1","CASSFLGQTMNTEAFF","TRBJ2-1","BRLF1109-117 (YVLDHLIVV) v1"
"E1632","YVLDHLIVV","TRAV14","CAMREGGNFNKFYF","TRAJ21","TRBV29-1","CSVGGTGSGTSGAYSYNEQFF","TRBJ2-1","BRLF1109-117 (YVLDHLIVV) v1"
"E1632","YVLDHLIVV","TRAV14","CAMREGGNFNKFYF","TRAJ21","TRBV29-1","CSVGGTGSGTSGAYSYNEQFF","TRBJ2-1","BRLF1109-117 (YVLDHLIVV) v1"
"E1632","YVLDHLIVV","TRAV14","CAMREGGNFNKFYF","TRAJ21","TRBV29-1","CSVGGTGSGTSGAYSYNEQFF","TRBJ2-1","BRLF1109-117 (YVLDHLIVV) v1"
"E1632","YVLDHLIVV","TRAV14","CAMREGGNFNKFYF","TRAJ21","TRBV29-1","CSVGGTGSGTSGAYSYNEQFF","TRBJ2-2","BRLF1109-117 (YVLDHLIVV) v1"
"E1632","YVLDHLIVV","TRAV14","CAMREGGNFNKFYF","TRAJ21","TRBV20-1","CSVAKPAGLAGGSNTGELFF","TRBJ2-7","BRLF1109-117 (YVLDHLIVV) v1"
"E1632","YVLDHLIVV","TRAV27","CAGPLTGKLIF","TRAJ37","TRBV27","CSASYPAGLQAGGGDEQYF","TRBJ1-1","BRLF1109-117 (YVLDHLIVV) v1"
"E1632","YVLDHLIVV","TRAV14","CAMREGGNFNKFYF","TRAJ21","TRBV29-1","CASSFLGQTMNTEAFF","TRBJ2-1","BRLF1109-117 (YVLDHLIVV) v1"
"E1632","YVLDHLIVV","TRAV14","CAMREGGNFNKFYF","TRAJ21","TRBV29-1","CSVGGTGSGTSGAYSYNEQFF","TRBJ2-1","BRLF1109-117 (YVLDHLIVV) v1"
"E1632","YVLDHLIVV","TRAV8-1","CAVKDTDKLIF","TRAJ34","TRBV10-2","CSVGGTGSGTSGAYSYNEQFF","TRBJ2-7","BRLF1109-117 (YVLDHLIVV) v1"
"E1632","YVLDHLIVV","TRAV3","CAVRDGGNFNKFYF","TRAJ21","TRBV20-1","CSVGGTGSGTSGAYSYNEQFF","TRBJ2-1","BRLF1109-117 (YVLDHLIVV) v1"
"E1632","YVLDHLIVV","TRAV14","CAMREGGNFNKFYF","TRAJ21","TRBV29-1","CSAVGLAGGFIVDEQFF","TRBJ2-2","BRLF1109-117 (YVLDHLIVV) v1"
"E1632","YVLDHLIVV","TRAV14","CAMREGGNFNKFYF","TRAJ21","TRBV29-1","CSVAKPAGLAGGSNTGELFF","TRBJ2-2","BRLF1109-117 (YVLDHLIVV) v1"
"E1632","YVLDHLIVV","TRAV14","CAMREGGNFNKFYF","TRAJ21","TRBV29-1","CSVAKPAGLAGGSNTGELFF","TRBJ2-2","BRLF1109-117 (YVLDHLIVV) v1"
"E1632","YVLDHLIVV","TRAV14","CAMREGGNFNKFYF","TRAJ21","TRBV29-1","CSVAKPAGLAGGSNTGELFF","TRBJ2-2","BRLF1109-117 (YVLDHLIVV) v1"
"E1632","YVLDHLIVV","TRAV19","CALSSNARLMF","TRAJ31","TRBV29-1","CSVAKPAGLAGGSNTGELFF","TRBJ1-2","BRLF1109-117 (YVLDHLIVV) v1"
"E1632","YVLDHLIVV","TRAV8-1","CAVKNQAGTALIF","TRAJ15","TRBV25-1","CSVREAANYGYTF","TRBJ1-1","BRLF1109-117 (YVLDHLIVV) v1"
"E1632","YVLDHLIVV","TRAV8-1","CAVKNQAGTALIF","TRAJ15","TRBV7-3","CSVGGTGSGTSGAYSYNEQFF","TRBJ2-1","BRLF1109-117 (YVLDHLIVV) v1"
"E1632","YVLDHLIVV","TRAV14","CAMREGGNFNKFYF","TRAJ21","TRBV29-1","CSVAKPAGLAGGSNTGELFF","TRBJ2-1","BRLF1109-117 (YVLDHLIVV) v1"
"E1632","YVLDHLIVV","TRAV14","CAMREGGNFNKFYF","TRAJ21","TRBV29-1","CSVGGTGSGTSGAYSYNEQFF","TRBJ2-1","BRLF1109-117 (YVLDHLIVV) v1"
"E1632","YVLDHLIVV","TRAV14","CAMREGGNFNKFYF","TRAJ21","TRBV29-1","CSVGGTGSGTSGAYSYNEQFF","TRBJ2-1","BRLF1109-117 (YVLDHLIVV) v1"
"E1632","YVLDHLIVV","TRAV14","CAMREGGNFNKFYF","TRAJ21","TRBV29-1","CSVGGTGSGTSGAYSYNEQFF","TRBJ2-1","BRLF1109-117 (YVLDHLIVV) v1"
"E1632","YVLDHLIVV","TRAV14","CAMREGGNFNKFYF","TRAJ21","TRBV29-1","CSVGGTGSGTSGAYSYNEQFF","TRBJ2-1","BRLF1109-117 (YVLDHLIVV) v1"
"E1632","YVLDHLIVV","TRAV14","CAMREGGNFNKFYF","TRAJ21","TRBV29-1","CSVAKPAGLAGGSNTGELFF","TRBJ2-1","BRLF1109-117 (convalescence) v7"
"E1632","YVLDHLIVV","TRAV22","CAAGSGAGSYQLTF","TRAJ28","TRBV6-2","CSAVGLAGGFIVDEQFF","TRBJ2-1","BRLF1109-117 (YVLDHLIVV) v7 (convalescence)"
"E1632","YVLDHLIVV","TRAV22","CAAGSGAGSYQLTF","TRAJ28","TRBV6-2","CASSYPTGHSSYNEQFF","TRBJ2-1","BRLF1109-117 (YVLDHLIVV) v7"
"E1632","YVLDHLIVV","TRAV22","CAAGSGAGSYQLTF","TRAJ28","TRBV6-2","CASSYPTGHSSYNEQFF","TRBJ2-1","BRLF1109-117 (YVLDHLIVV) v7"
"E1632","YVLDHLIVV","TRAV22","WAAGSGVGSFQLTF","TRAJ28","TRBV6-2","CSVGGTGSGTSGAYSYNEQFF","TRBJ2-1","BRLF1109-117 (YVLDHLIVV) v7"
"E1632","YVLDHLIVV","TRAV27","CAGPLTGKLIF","TRAJ37","TRBV27","CASSYPTGHSSYNEQFF","TRBJ1-1","BRLF1109-117 (YVLDHLIVV) v7"
"E1632","YVLDHLIVV","TRAV21","CAVPMYSGGGADGLTF","TRAJ45","TRBV6-2","CASSFLGQTMNTEAFF","TRBJ1-2","BRLF1109-117 (YVLDHLIVV) v7"
"E1632","YVLDHLIVV","TRAV22","CAAGSGAGSYQLTF","TRAJ28","TRBV6-2","CASSYIGVGYTF","TRBJ2-1","BRLF1109-117 (YVLDHLIVV) v7"
"E1632","YVLDHLIVV","TRAV25","CAGATIGFGNVLHC","TRAJ35","TRBV27","CASSYPTGHSSYNEQFF","TRBJ2-1","BRLF1109-117 (YVLDHLIVV) v7"
"E1632","YVLDHLIVV","TRAV22","CAAGSGVGSYQLTF","TRAJ28","TRBV6-2","CASGRLAGYNEQFF","TRBJ2-1","BRLF1109-117 (YVLDHLIVV) v7"
"E1632","YVLDHLIVV","TRAV22","RDAGCGAGSYQFTF","TRAJ28","TRBV6-2","CASSYPTGHSSYNEQFF","TRBJ2-1","BRLF1109-117 (YVLDHLIVV) v7"
"E1632","YVLDHLIVV","TRAV22","CAAGSGAGSYQLTF","TRAJ28","TRBV6-2","CASSYPTGHSSYNEQFF","TRBJ2-1","BRLF1109-117 (YVLDHLIVV) v7"
"E1632","YVLDHLIVV","TRAV22","CAAGSGAGSYQLTF","TRAJ28","TRBV6-2","CASSYPTGHSSYNEQFF","TRBJ2-1","BRLF1109-117 (YVLDHLIVV) v7"
"E1632","YVLDHLIVV","TRAV8-1","CAVGNYQLIW","TRAJ33","TRBV6-2","CASSYPTGHSSYNEQFF","TRBJ1-1","BRLF1109-117 (YVLDHLIVV) v7"
"E1632","YVLDHLIVV","TRAV22","CAAGSGAGSYQLTF","TRAJ28","TRBV6-2","CASRQQGSTEAFF","TRBJ2-1","BRLF1109-117 (YVLDHLIVV) v7"
"E1632","YVLDHLIVV","TRAV22","CAAGSGAGSYQLTF","TRAJ28","TRBV6-2","CASSYPTGHSSYNEQFF","TRBJ2-1","BRLF1109-117 (YVLDHLIVV) v7"
"E1632","YVLDHLIVV","TRAV22","CAAGSGAGSYQLTF","TRAJ28","TRBV6-2","CSARGTEFYEQYF","TRBJ2-1","BRLF1109-117 (YVLDHLIVV) v7"
"E1632","YVLDHLIVV","TRAV22","CAAGSGAGSYQLTF","TRAJ28","TRBV6-2","CASSYPTGHSSYNEQFF","TRBJ2-1","BRLF1109-117 (YVLDHLIVV) v7"
"E1632","YVLDHLIVV","TRAV22","CAAGSGAGSYQLTF","TRAJ28","TRBV6-2","CASSYPTGHSSYNEQFF","TRBJ2-1","BRLF1109-117 (YVLDHLIVV) v7"
"E1632","YVLDHLIVV","TRAV22","CAAGSGAGSYQLTF","TRAJ28","TRBV6-2","CASSYPTGHSSYNEQFF","TRBJ2-7","BRLF1109-117 (YVLDHLIVV) v7"
"E1632","YVLDHLIVV","TRAV22","CAAGSGAGSYQLTF","TRAJ28","TRBV6-2","CASSYPTGHSSYNEQFF","TRBJ2-1","BRLF1109-117 (YVLDHLIVV) v7"
"E1632","YVLDHLIVV","TRAV22","CAAGSGAGSYQLTF","TRAJ28","TRBV6-2","CASSYPTGHSSYNEQFF","TRBJ2-1","BRLF1109-117 (YVLDHLIVV) v7"
"E1632","YVLDHLIVV","TRAV22","CAAGSGAGSYQLTF","TRAJ28","TRBV6-2","CASSYPTGHSSYNEQFF","TRBJ2-1","BRLF1109-117 (YVLDHLIVV) v7"
"E1632","YVLDHLIVV","TRAV22","CAAGSGAGSYQLTF","TRAJ28","TRBV6-2","CASSYPTGHSSYNEQFF","TRBJ2-1","BRLF1109-117 (YVLDHLIVV) v7"
"E1632","YVLDHLIVV","TRAV22","CAAGSGAGSYQLTF","TRAJ28","TRBV6-2","CASSYPTGHSSYNEQFF","TRBJ2-1","BRLF1109-117 (YVLDHLIVV) v7"
"E1651","YVLDHLIVV","TRAV8-1","CAVKDTDKLIF","TRAJ34","TRBV27","CATSDWDDSTGELFF","TRBJ2-2","BRLF1109-117 (YVLDHLIVV) v1"
"E1651","YVLDHLIVV","TRAV17","CATDADYGQNFVF","TRAJ26","TRBV27","CASSLSMTHTYNEQFF","TRBJ2-1","BRLF1109-117 (YVLDHLIVV) v1"
"E1651","YVLDHLIVV","TRAV8-1","CAVKDTDKLIF","TRAJ34","TRBV24-1","CASSTVPGHQPQHF","TRBJ1-5","BRLF1109-117 (YVLDHLIVV) v1"
"E1651","YVLDHLIVV","TRAV8-1","CAVKDTDKLIF","TRAJ34","TRBV24-1","CATSDWDDSTGELFF","TRBJ2-2","BRLF1109-117 (YVLDHLIVV) v1"
"E1651","YVLDHLIVV","TRAV8-1","CAVKDTDKLIF","TRAJ34","TRBV27","CATSDWDDSTGELFF","TRBJ2-2","BRLF1109-117 (YVLDHLIVV) v1"
"E1651","YVLDHLIVV","TRAV17","CATDADYGQNFVF","TRAJ26","TRBV27","CASSRDASSSYNEQFF","TRBJ2-1","BRLF1109-117 (YVLDHLIVV) v1"
"E1651","YVLDHLIVV","TRAV8-1","CAVNAVGDMRF","TRAJ43","TRBV7-9","CASSELANEQFF","TRBJ2-1","BRLF1109-117 (YVLDHLIVV) v1"
"E1651","YVLDHLIVV","TRAV8-1","CAVIAGGYQKVTF","TRAJ13","TRBV28","CASSAGQGSGNTIYF","TRBJ1-3","BRLF1109-117 (YVLDHLIVV) v1"
"E1651","YVLDHLIVV","TRAV8-1","CAVKGTYKYIF","TRAJ40","TRBV27","CANVMGGPEGGYTF","TRBJ1-2","BRLF1109-117 (YVLDHLIVV) v1"
"E1651","YVLDHLIVV","TRAV17","CATDADYGQNFVF","TRAJ26","TRBV27","CASSSNPMLETQYF","TRBJ2-5","BRLF1109-117 (YVLDHLIVV) v1"
"E1651","YVLDHLIVV","TRAV8-1","CAVKDTDKLIF","TRAJ34","TRBV19","CASSTVPGHQPQHF","TRBJ1-5","BRLF1109-117 (YVLDHLIVV) v1"
"E1651","YVLDHLIVV","TRAV13-2","CAERRGGNFNKFYF","TRAJ21","TRBV3-1","CASSSLLISEAFF","TRBJ1-1","BRLF1109-117 (YVLDHLIVV) v1"
"E1651","YVLDHLIVV","TRAV8-1","CAVKNQAGTALIF","TRAJ15","TRBV7-2","CASSQGLADGETQYF","TRBJ2-5","BRLF1109-117 (YVLDHLIVV) v1"
"E1651","YVLDHLIVV","TRAV8-1","CAVSSAGKSTF","TRAJ27","TRBV3-1","CASSQGPTGDTQYF","TRBJ2-3","BRLF1109-117 (YVLDHLIVV) v1"
"E1651","YVLDHLIVV","TRAV16","CALRGSGNQFYF","TRAJ49","TRBV27","CASSQGPSSGNTIYF","TRBJ1-3","BRLF1109-117 (YVLDHLIVV) v1"
"E1651","YVLDHLIVV","TRAV16","CALKDTDKLIF","TRAJ34","TRBV6-1","CASSPTTMLETQYF","TRBJ2-5","BRLF1109-117 (YVLDHLIVV) v1"
"E1651","YVLDHLIVV","TRAV8-1","CAVKDTDKLIF","TRAJ34","TRBV27","CASSEFSMYEAFF","TRBJ1-1","BRLF1109-117 (YVLDHLIVV) v1"
"E1651","YVLDHLIVV","TRAV8-1","CAVKGTYKYIF","TRAJ40","TRBV27","CASSRDASSSYNEQFF","TRBJ2-1","BRLF1109-117 (YVLDHLIVV) v1"
"E1651","YVLDHLIVV","TRAV8-1","CAVIFFNKFYF","TRAJ21","TRBV5-4","CASSSNPMLETQYF","TRBJ2-5","BRLF1109-117 (YVLDHLIVV) v1"
"E1651","YVLDHLIVV","TRAV8-1","CALSGGSQGNLIF","TRAJ42","TRBV15","CASSLGASGSSEQFF","TRBJ2-1","BRLF1109-117 (YVLDHLIVV) v1"
"E1651","YVLDHLIVV","TRAV8-1","CAVKDTDKLIF","TRAJ34","TRBV6-1","CATSTGLAGIHEQYF","TRBJ2-7","BRLF1109-117 (YVLDHLIVV) v1"
"E1651","YVLDHLIVV","TRAV17","CALNTGGFKTIF","TRAJ9","TRBV28","CASSVPTLSDGYTF","TRBJ1-2","BRLF1109-117 (YVLDHLIVV) v1"
"E1651","YVLDHLIVV","TRAV8-1","CAVKDTDKLIF","TRAJ34","TRBV24-1","CASSLSGSRSEQFF","TRBJ2-1","BRLF1109-117 (YVLDHLIVV) v1"
"E1651","YVLDHLIVV","TRAV8-1","CAVKDTDKLIF","TRAJ34","TRBV27","CATSDWDDSTGELFF","TRBJ2-2","BRLF1109-117 (YVLDHLIVV) v1"
"E1651","YVLDHLIVV","TRAV8-1","CAVKDTDKLIF","TRAJ34","TRBV24-1","CASSRDASSSYNEQFF","TRBJ2-1","BRLF1109-117 (YVLDHLIVV) v1"
"E1651","YVLDHLIVV","TRAV8-1","CAVKDTDKLIF","TRAJ34","TRBV4-2","CATSDWDDSTGELFF","TRBJ2-2","BRLF1109-117 (YVLDHLIVV) v1"
"E1651","YVLDHLIVV","TRAV27","CARGNEKLTF","TRAJ48","TRBV3-1","CASSNTAGVLGDEQFF","TRBJ2-1","BRLF1109-117 (YVLDHLIVV) v1"
"E1651","YVLDHLIVV","TRAV14/DV4","CAMRAGGNFNKFYF","TRAJ21","TRBV20-1","CASSQGLSGRAHEQFF","TRBJ2-1","BRLF1109-117 (YVLDHLIVV) v1"
"E1651","YVLDHLIVV","TRAV25","CAYYNFNKFYF","TRAJ21","TRBV5-1","CSATIPPDNEQFF","TRBJ2-1","BRLF1109-117 (YVLDHLIVV) v1"
"E1651","YVLDHLIVV","TRAV25","CAAGSNDYKLSF","TRAJ20","TRBV20-1","CASSLELAGANSYEQYF","TRBJ2-7","BRLF1109-117 (YVLDHLIVV) v1"
"E1651","YVLDHLIVV","TRAV8-1","CAVKDTDKLIF","TRAJ34","TRBV28","CSARGTLFYEQYF","TRBJ2-7","BRLF1109-117 (YVLDHLIVV) v1"
"E1651","YVLDHLIVV","TRAV10","QCGDLLSLKDARQLTF","TRAJ22","TRBV6-2","CASSSYPGLSTGELFF","TRBJ2-2","BRLF1109-117 (YVLDHLIVV) v1"
"E1651","YVLDHLIVV","TRAV8-1","CAVKNTDKLIF","TRAJ34","TRBV3-1","CASTRQGKETQYF","TRBJ2-5","BRLF1109-117 (YVLDHLIVV) v7 (convalescence)"
"E1651","YVLDHLIVV","TRAV12-3","CAMSASNFGNEKLTF","TRAJ48","TRBV15","CASSQDLGQIETQYF","TRBJ2-5","BRLF1109-117 (YVLDHLIVV) v7"
"E1651","YVLDHLIVV","TRAV8-1","CAVKDTDKLIF","TRAJ34","TRBV30","CATSSTARDSSYSNQPQHF","TRBJ1-5","BRLF1109-117 (YVLDHLIVV) v7"
"E1651","YVLDHLIVV","TRAV8-1","CAVKDTDKLIF","TRAJ34","TRBV24-1","CAWSGRPSYNEQFF","TRBJ2-1","BRLF1109-117 (YVLDHLIVV) v7"
"E1651","YVLDHLIVV","TRAV8-1","CAVKATDKLIF","TRAJ34","TRBV30","CATSDWDDSTGELFF","TRBJ2-2","BRLF1109-117 (YVLDHLIVV) v7"
"E1651","YVLDHLIVV","TRAV12-3","CAMSASNFGNEKLTF","TRAJ48","TRBV20-1","CAWSGTPIYNEQFF","TRBJ2-1","BRLF1109-117 (YVLDHLIVV) v7"
"E1651","YVLDHLIVV","TRAV8-1","CAVKDTDKLIF","TRAJ34","TRBV30","CASSVPTLSDGYTF","TRBJ1-2","BRLF1109-117 (YVLDHLIVV) v7"
"E1651","YVLDHLIVV","TRAV14/DV4","CAMREGGNFNKFYF","TRAJ21","TRBV29-1","CAWSGRPSYNEQFF","TRBJ2-1","BRLF1109-117 (YVLDHLIVV) v7"
"E1651","YVLDHLIVV","TRAV14/DV4","CAMREGGNFNKFYF","TRAJ21","TRBV29-1","CASSLAGTGEAFF","TRBJ1-1","BRLF1109-117 (YVLDHLIVV) v7"
"E1651","YVLDHLIVV","TRAV8-1","CAVKNQAGTALIF","TRAJ15","TRBV24-1","CASSLGEAVANTGELFF","TRBJ2-2","BRLF1109-117 (YVLDHLIVV) v7"
"E1651","YVLDHLIVV","TRAV26-2","CILRGPPLGNEKLTF","TRAJ48","TRBV6-6","CATSRGSNQPQHF","TRBJ1-5","BRLF1109-117 (YVLDHLIVV) v7"
"E1651","YVLDHLIVV","TRAV8-1","CAVSNTDKLIF","TRAJ34","TRBV28","CASTGIQGNTGELFF","TRBJ2-2","BRLF1109-117 (YVLDHLIVV) v7"
"E1651","YVLDHLIVV","TRAV8-1","CAVKDTDKLIF","TRAJ34","TRBV24-1","CATSDWDDSTGELFF","TRBJ2-2","BRLF1109-117 (YVLDHLIVV) v7"
"E1651","YVLDHLIVV","TRAV8-1","CAVNAHTDKLIF","TRAJ34","TRBV24-1","CATSDWDDSTGELFF","TRBJ2-2","BRLF1109-117 (YVLDHLIVV) v7"
"E1651","YVLDHLIVV","TRAV14/DV4","CAMREGGNFNKFYF","TRAJ21","TRBV29-1","CATSDFLSNEQFF","TRBJ2-1","BRLF1109-117 (YVLDHLIVV) v7"
"E1651","YVLDHLIVV","TRAV4","CLVGDMRGAGNNHIQNPDPAVYQLRDSKSSDKSVCLFTDFDSQTNVSQSKDSDVYITDKRIR","TRAJ34","TRBV7-9","CASSQALTYEQYF","TRBJ2-7","BRLF1109-117 (YVLDHLIVV) v7"
"E1651","YVLDHLIVV","TRAV8-1","CAVKATDKLIF","TRAJ34","TRBV30","CASSLNGDTQYF","TRBJ2-3","BRLF1109-117 (YVLDHLIVV) v7"
"E1651","YVLDHLIVV","TRAV13-2","VQRKLTDKIIF","TRAJ30","TRBV20-1","CAWSGTPIYNEQFF","TRBJ2-1","BRLF1109-117 (YVLDHLIVV) v7"
"E1651","YVLDHLIVV","TRAV23/DV6","CAASIPHFQAGTDLIF","TRAJ15","TRBV30","CSATDRTYNEQFF","TRBJ2-1","BRLF1109-117 (YVLDHLIVV) v7"
"E1651","YVLDHLIVV","TRAV8-1","CAQGDAGNMLTF","TRAJ39","TRBV3-1","CAWSGTSPSSSYNEQFF","TRBJ2-1","BRLF1109-117 (YVLDHLIVV) v7"
"E1651","YVLDHLIVV","TRAV26-1","CIVPSTSGTYKYIF","TRAJ40","TRBV7-2","CASSQEPGSGETQYF","TRBJ2-5","BRLF1109-117 (YVLDHLIVV) v7"
"E1651","YVLDHLIVV","TRAV8-3","CAVAGTGNQFYF","TRAJ49","TRBV28","CASSLAGINYGYTF","TRBJ1-2","BRLF1109-117 (YVLDHLIVV) v7"
"E1651","YVLDHLIVV","TRAV8-1","CAVVTGGFKTIF","TRAJ9","TRBV7-9","CPAVPKGDSAPGTVFF","TRBJ2-2","BRLF1109-117 (YVLDHLIVV) v7"
"E1651","YVLDHLIVV","TRAV12-1","CVVNRLDNAGNMLTF","TRAJ39","TRBV9","CASSYTTGSADTQYF","TRBJ2-3","BRLF1109-117 (YVLDHLIVV) v7"
"E1651","YVLDHLIVV","TRAV8-1","CAVKDTDKLIF","TRAJ34","TRBV27","CASSVAGTSVETQYF","TRBJ2-5","BRLF1109-117 (YVLDHLIVV) v7"
"E1651","YVLDHLIVV","TRAV8-4","CAVSEGTNAGKSTF","TRAJ27","TRBV7-9","CASSRAASSSYNEQFF","TRBJ2-1","BRLF1109-117 (YVLDHLIVV) v7"
"E1651","YVLDHLIVV","TRAV8-1","CAVNDNARLMF","TRAJ31","TRBV20-1","CASSYTGRALEAFF","TRBJ1-1","BRLF1109-117 (YVLDHLIVV) v7"
"E1651","YVLDHLIVV","TRAV8-1","CAVNSDYKLSF","TRAJ20","TRBV6-1","CSARGTSFYEQYF","TRBJ2-7","BRLF1109-117 (YVLDHLIVV) v7"
"E1651","YVLDHLIVV","TRAV26-1","CIVRGRNFGNEKLTF","TRAJ48","TRBV27","LCASRQLTGGAQPQHF","TRBJ1-5","BRLF1109-117 (YVLDHLIVV) v7"
"E1651","YVLDHLIVV","TRAV25","CAGLQGANNIFF","TRAJ36","TRBV27","CASSLSITRVYEQYF","TRBJ2-7","BRLF1109-117 (YVLDHLIVV) v7"
