"PDB","Epitope","CDR3a","CDR3b","PDB.name","TRAV.gene","TRBV.gene","MHC","AV.gene","BV.gene"
"1AO7","LLFGYPVYV","CAVTTDSWGKLQF","CASRPGLAGGRPEQYF","A6","TRAV12-2","TRBV6-5","HLA-A*02:01","TRAV12-2","TRBV6-5"
"1BD2","LLFGYPVYV","CAAMEGAQKLVF","CASSYPGGGFYEQYF","B7","TRAV29/DV5","TRBV6-5","HLA-A*02:01","TRAV29/DV5","TRBV6-5"
"1LP9","ALWGFFPVL","CALFLASSSFSKLVF","CASSDWVSYEQYF","AHIII 12.2","TRAV12D-2","TRBV13-3","HLA-A*02:01","TRAV12D-2","TRBV13-3"
"1MI5","FLRGRAYGL","CILPLAGGTSYGKLTF","CASSLGQAYEQYF","LC13","TRAV26-2","TRBV7-8","HLA-B*08:01","TRAV26-2","TRBV7-8"
"1QRN","LLFGYAVYV","CAVTTDSWGKLQF","CASRPGLAGGRPEQYF",NA,NA,NA,NA,NA,NA
"1QSE","LLFGYPRYV","CAVTTDSWGKLQF","CASRPGLAGGRPEQYF",NA,NA,NA,NA,NA,NA
"1QSF","LLFGYPVAV","CAVTTDSWGKLQF","CASRPGLAGGRPEQYF",NA,NA,NA,NA,NA,NA
"2AK4","LPEPLPQGQLTAY","CALSGFYNTDKLIF","CASPGLAGEYEQYF","SB27","TRAV19","TRBV6-1","HLA-B*35:08","TRAV19","TRBV6-1"
"2BNQ","SLLMWITQV","CAVRPTSGGSYIPTF","CASSYVGNTGELFF",NA,NA,NA,NA,"TRAV21","TRBV6-5"
"2BNR","SLLMWITQC","CAVRPTSGGSYIPTF","CASSYVGNTGELFF","1G4","TRAV21","TRBV6-5","HLA-A*02:01","TRAV21","TRBV6-5"
"2ESV","VMAPRTLIL","CIVVRSSNTGKLIF","CASSQDRDTQYF","KK50.4","TRAV26-1","TRBV14","HLA-E*01:03","TRAV26-1","TRBV14"
"2F53","SLLMWITQC","CAVRPTSGGSYIPTF","CASSYVGNTGELFF",NA,NA,NA,NA,"TRAV21","TRBV6-5"
"2F54","SLLMWITQC","CAVRPTSGGSYIPTF","CASSYVGNTGELFF",NA,NA,NA,NA,"TRAV21","TRBV6-5"
"2GJ6","LLFGKPVYV","CAVTTDSWGKLQF","CASRPGLAGGRPEQYF",NA,NA,NA,NA,"TRAV12-2","TRBV6-5"
"2J8U","ALWGFFPVL","CALFLASSSFSKLVF","CASSDWVSYEQYF",NA,NA,NA,NA,NA,NA
"2JCC","ALWGFFPVL","CALFLASSSFSKLVF","CASSDWVSYEQYF",NA,NA,NA,NA,NA,NA
"2NX5","EPLPQGQLTAY","CAVQASGGSYIPTF","CATGTGDSNQPQHF","ELS4","TRAV1-2","TRBV10-3","HLA-B*35:01","TRAV1-2","TRBV10-3"
"2P5E","SLLMWITQC","CAVRPLLDGTYIPTF","CASSYLGNTGELFF",NA,NA,NA,NA,"TRAV21","TRBV6-5"
"2P5W","SLLMWITQC","CAVRPLLDGTYIPTF","CASSYLGNTGELFF",NA,NA,NA,NA,"TRAV21","TRBV6-5"
"2PYE","SLLMWITQC","CAVRPLLDGTYIPTF","CASSYLGNTGELFF",NA,NA,NA,NA,"TRAV21","TRBV6-5"
"2UWE","ALWGFFPVL","CALFLASSSFSKLVF","CASSDWVSYEQYF",NA,NA,NA,NA,NA,NA
"2VLJ","GILGFVFTL","CAGAGSQGNLIF","CASSSRSSYEQYF",NA,NA,NA,NA,"TRAV27","TRBV19"
"2VLJ","GILGFVFTL","CAGAGSQGNLIF","CASSSRSSYEQYF",NA,NA,NA,NA,"TRAV10","TRBV19"
"2VLJ","GILGFVFTL","CAGAGSQGNLIF","CASSSRSSYEQYF",NA,NA,NA,NA,"TRAV2-01","TRBV19"
"2VLK","GILGFVFTL","CAGAGSQGNLIF","CASSSRSSYEQYF",NA,NA,NA,NA,"TRAV27","TRBV19"
"2VLK","GILGFVFTL","CAGAGSQGNLIF","CASSSRSSYEQYF",NA,NA,NA,NA,"TRAV10","TRBV19"
"2VLK","GILGFVFTL","CAGAGSQGNLIF","CASSSRSSYEQYF",NA,NA,NA,NA,"TRAV2-01","TRBV19"
"2VLR","GILGFVFTL","CAGAGSQGNLIF","CASSSRASYEQYF",NA,NA,NA,NA,"TRAV27","TRBV19"
"2YPL","KAFSPEVIPMF","CAVSGGYQKVTF","CASTGSYGYTF","AGA1","TRAV5","TRBV19","HLA-B*57:03","TRAV5","TRBV19"
"3D39","LLFGPVYV","CAVTTDSWGKLQF","CASRPGLAGGRPEQYF",NA,NA,NA,NA,NA,NA
"3D3V","LLFGPVYV","CAVTTDSWGKLQF","CASRPGLAGGRPEQYF",NA,NA,NA,NA,NA,NA
"3DXA","EENLLDFVRF","CIVWGGYQKVTF","CASRYRDDSYNEQFF","DM","TRAV26-1","TRBV7-9","HLA-B*44:05","TRAV26-1","TRBV7-9"
"3FFC","FLRGRAYGL","CAMREDTGNQFYF","CASSFTWTSGGATDTQYF","CF34","TRAV14/DV4","TRBV11-2","HLA-B*08:01","TRAV14/DV4","TRBV11-2"
"3GJF","SLLMWITQV","CAGELLPYYGMDVW","CWSFAGSYYVF",NA,NA,NA,NA,NA,NA
"3GSN","NLVPMVATV","CARNTGNQFYF","CASSPVTGGIYGYTF","RA14","TRAV24","TRBV6-5","HLA-A*02:01","TRAV24","TRBV6-5"
"3H9S","MLWGYLQYV","CAVTTDSWGKLQF","CASRPGLAGGRPEQYF",NA,NA,NA,NA,NA,NA
"3HAE","SLLMWITQV","CAGELLPYYGMDVW","CWSFAGSYYVF",NA,NA,NA,NA,NA,NA
"3HG1","ELAGIGILTV","CAVNVAGKSTF","CAWSETGLGTGELFF","CD8","TRAV12-2","TRBV30","HLA-A*02:01","TRAV12-2","TRBV30"
"3KPR","EEYLKAWTF","CILPLAGGTSYGKLTF","CASSLGQAYEQYF",NA,NA,NA,NA,"TRAV26-2","TRBV7-8"
"3KPS","EEYLQAFTY","CILPLAGGTSYGKLTF","CASSLGQAYEQYF","LC13","TRAV26-2","TRBV7-8","HLA-B*44:05","TRAV26-2","TRBV7-8"
"3KXF","LPEPLPQGQLTAY","CALSGFYNTDKLIF","CASPGLAGEYEQYF",NA,NA,NA,NA,"TRAV19","TRBV6-1"
"3MV7","HPVGEADYFEY","CAVQDLGTSGSRLTF","CASSARSGELFF","TK3","TRAV20","TRBV9","HLA-B*35:01","TRAV20","TRBV9"
"3MV8","HPVGEADYFEY","CAVQDLGTSGSRLTF","CASSARSGELFF",NA,NA,NA,NA,"TRAV20","TRBV9"
"3MV9","HPVGEADYFEY","CAVQDLGTSGSRLTF","CASSARSGELFF",NA,NA,NA,NA,"TRAV20","TRBV9"
"3NFJ","RYPLTFGWCF","CALGELARSGGYQKVTF","CAWSVSVGAGVPTIYF",NA,NA,NA,NA,"TRAV19","TRBV30"
"3O4L","GLCTLVAML","CAEDNNARLMF","CSARDGTGNGYTF","AS01","TRAV5","TRBV20-1","HLA-A*02:01","TRAV5","TRBV20-1"
"3PWP","LGYGFVNYI","CAVTTDSWGKLQF","CASRPGLAGGRPEQYF",NA,NA,NA,NA,NA,NA
"3QDG","ELAGIGILTV","CAVNFGGGKLIF","CASSLSFGTEAFF",NA,NA,NA,NA,"TRAV12-2","TRBV6-4"
"3QDJ","AAGIGILTV","CAVNFGGGKLIF","CASSLSFGTEAFF","DMF5","TRAV12-2","TRBV6-4","HLA-A*02:01","TRAV12-2","TRBV6-4"
"3QDM","ELAGIGILTV","CAGGTGNQFYF","CAISEVGVGQPQHF",NA,NA,NA,NA,NA,NA
"3QEQ","AAGIGILTV","CAGGTGNQFYF","CAISEVGVGQPQHF",NA,NA,NA,NA,"TRAV35","TRBV10-3"
"3QFJ","LLFGFPVYV","CAVTTDSWGKLQF","CASRPGLAGGRPEQYF",NA,NA,NA,NA,NA,NA
"3SJV","FLRGRAYGL","CVVRAGKLIF","CASGQGNFDIQYF","RL42","TRAV12-1","TRBV6-2","HLA-B*08:01","TRAV12-1","TRBV6-2"
"3UTS","ALWGPDPAAA","CAMRGDSSYKLIF","CASSLWEKLAKNIQYF","1.00E+06","TRAV12-3","TRBV12-4","HLA-A*02:01","TRAV12-3","TRBV12-4"
"3UTT","ALWGPDPAAA","CAMRGDSSYKLIF","CASSLWEKLAKNIQYF",NA,NA,NA,NA,"TRAV12-3","TRBV12-4"
"3VXM","RFPLTFGWCF","CAVGAPSGAGSYQLTF","CASSPTSGIYEQYF","C1-28","TRAV8-3","TRBV4-1","HLA-A*24:02","TRAV8-3","TRBV4-1"
"3VXR","RYPLTFGWCF","CAVRMDSSYKLIF","CASSSWDTGELFF","H27-14","TRAV21","TRBV7-9","HLA-A*24:02","TRAV21","TRBV7-9"
"3VXS","RYPLTLGWCF","CAVRMDSSYKLIF","CASSSWDTGELFF",NA,NA,NA,NA,NA,NA
"4EUP","ALGIGILTV","CAVSGGGADGLTF","CASSFLGTGVEQYF",NA,NA,NA,NA,"TRAV12-2","TRBV28"
"4EUQ","EAAGIGILTV","CAVSGGGADGLTF","CASSFLGTGVEQYF",NA,NA,NA,NA,NA,NA
"4FTV","LLFGYPVYV","CAVTTDSWGKLQF","CASRPGLMSAQPEQYF",NA,NA,NA,NA,"TRAV12-2","TRBV6-5"
"4G8G","KRWIILGLNK","CAMRDLRDNFNKFYF","CASREGLGGTEAFF","C12C","TRAV14/DV4","TRBV6-5","HLA-B*27:05","TRAV14/DV4","TRBV6-5"
"4G9F","KRWIIMGLNK","CAMRDLRDNFNKFYF","CASREGLGGTEAFF",NA,NA,NA,NA,NA,NA
"4JFD","ELAAIGILTV","CAVNDGGRLTF","CAWSETGLGMGGWQF",NA,NA,NA,NA,"TRAV12-2","TRBV30"
"4JFE","ELAGIGALTV","CAVNDGGRLTF","CAWSETGLGMGGWQF",NA,NA,NA,NA,NA,NA
"4JFF","ELAGIGILTV","CAVNDGGRLTF","CAWSETGLGMGGWQF",NA,NA,NA,NA,NA,NA
"4JRX","LPEPLPQGQLTAY","CALSGFYNTDKLIF","CASPGETEAFF",NA,NA,NA,NA,"TRAV19","TRBV6-1"
"4JRY","LPEPLPQGQLTAY","CAVGGGSNYQLIW","CASSRTGSTYEQYF","SB47","TRAV39","TRBV5-6","HLA-B*35:08","TRAV39","TRBV5-6"
"4L3E","ELAGIGILTV","CAVNFGGGKLIF","CASSWSFGTEAFF",NA,NA,NA,NA,"TRAV12-2","TRBV6-4"
"4MJI","TAFTIPSI","CATDDDSARQLTF","CASSLTGGGELFF","3B","TRAV17","TRBV7-3","HLA-B*51:01","TRAV17","TRBV7-3"
"4MNQ","ILAKFLHWL","CAVDSATALPYGYIF","CASSYQGTEAFF",NA,NA,NA,NA,"TRAV22","TRBV6-5"
"4PRH","HPVGDADYFEY","CAVQDLGTSGSRLTF","CASSARSGELFF",NA,NA,NA,NA,"TRAV20","TRBV9"
"4PRI","HPVGEADYFEY","CAVQDLGTSGSRLTF","CASSARSGELFF",NA,NA,NA,NA,"TRAV20","TRBV9"
"4PRP","HPVGQADYFEY","CAVQDLGTSGSRLTF","CASSARSGELFF",NA,NA,NA,NA,NA,NA
"4QOK","EAAGIGILTV","CAVNVAGKSTF","CAWSETGLGTGELFF",NA,NA,NA,NA,NA,NA
"4QRP","HSKKKCDEL","CALSDPVNDMRF","CASSLRGRGDQPQHF","DD31","TRAV9-2","TRBV11-2","HLA-B*08:01","TRAV9-2","TRBV11-2"
"4WUU","RMFPNAPYL","CARVQYSGYYDWFDPW","CAAWDDSLNGWVF",NA,NA,NA,NA,NA,NA
"5BRZ","EVDPIGHLY","CAVRPGGAGPFFVVF","CASSFNMATGQYF","MAG-IC3","TRAV21","TRBV5-1","HLA-A*01:01","TRAV21","TRBV5-1"
"5BS0","ESDPIVAQY","CAVRPGGAGPFFVVF","CASSFNMATGQYF","MAG-IC3","TRAV21","TRBV5-1","HLA-A*01:01","TRAV21","TRBV5-1"
"5C07","YQFGPDFPIA","CAMRGDSSYKLIF","CASSLWEKLAKNIQYF","1.00E+06","TRAV12-3","TRBV12-4","HLA-A*02:01","TRAV12-3","TRBV12-4"
"5C08","RQWGPDPAAV","CAMRGDSSYKLIF","CASSLWEKLAKNIQYF","1.00E+06","TRAV12-3","TRBV12-4","HLA-A*02:01","TRAV12-3","TRBV12-4"
"5C09","YLGGPDFPTI","CAMRGDSSYKLIF","CASSLWEKLAKNIQYF",NA,NA,NA,NA,NA,NA
"5C0A","MVWGPDPLYV","CAMRGDSSYKLIF","CASSLWEKLAKNIQYF","1.00E+06","TRAV12-3","TRBV12-4","HLA-A*02:01","TRAV12-3","TRBV12-4"
"5C0B","RQFGPDFPTI","CAMRGDSSYKLIF","CASSLWEKLAKNIQYF","1.00E+06","TRAV12-3","TRBV12-4","HLA-A*02:01","TRAV12-3","TRBV12-4"
"5C0C","RQFGPDWIVA","CAMRGDSSYKLIF","CASSLWEKLAKNIQYF","1.00E+06","TRAV12-3","TRBV12-4","HLA-A*02:01","TRAV12-3","TRBV12-4"
"5D2L","NLVPMVATV","CAFITGNQFYF","CASSQTQLWETQYF","C7","TRAV24","TRBV7-2","HLA-A*02:01","TRAV24","TRBV7-2"
"5D2N","NLVPMVATV","CILDNNNDMRF","CASSLAPGTTNEKLFF","C25","TRAV26-2","TRBV7-6","HLA-A*02:01","TRAV26-2","TRBV7-6"
"5E6I","GILGFVFTL","CAGPGGSSNTGKLIF","CASSLIYPGELFF",NA,NA,NA,NA,"TRAV35","TRBV27"
"5E9D","ELAGIGILTV","CAVTKYSWGKLQF","CASRPGWMAGGVELYF",NA,NA,NA,NA,"TRAV12-2","TRBV6-5"
"5EU6","YLEPGPVTV","CAVLSSGGSNYKLTF","CASSFIGGTDTQYF",NA,NA,NA,NA,"TRAV21","TRBV7-3"
"5EUO","GILGFVFTL","CAGAIGPSNTGKLIF","CASSIRSSYEQYF",NA,NA,NA,NA,"TRAV27","TRBV19"
"5HHM","GILGLVFTL","CAGAGSQGNLIF","CASSSRSSYEQYF",NA,NA,NA,NA,NA,NA
"5HHO","GILEFVFTL","CAGAGSQGNLIF","CASSIRSSYEQYF",NA,NA,NA,NA,"TRAV27","TRBV19"
"5HYJ","AQWGPDPAAA","CAMRGDSSYKLIF","CASSLWEKLAKNIQYF",NA,NA,NA,NA,NA,NA
"5ISZ","GILGFVFTL","CAFDTNAGKSTF","CASSIFGQREQYF","LS01","TRAV24","TRBV19","HLA-A*02:01","TRAV24","TRBV19"
"5JHD","XGILGFVFTL","CAWGVNAGGTSYGKLTF","CASSIGVYGYTF",NA,NA,NA,NA,NA,NA
"5JZI","XKLVALGINAV","CAYGEDDKIIF","CASRRGPYEQYF",NA,NA,NA,NA,NA,NA
"5MEN","ILAKFLHWL","CAVDSATSGTYKYIF","CASSYQGTEAFF","ILA1","TRAV22","TRBV6-5","HLA-A*02:01","TRAV22","TRBV6-5"
"5NHT","ELAGIGILTV","CAVGGGADGLTF","CASSQGLAGAGELFF",NA,NA,NA,NA,"TRAV12-2","TRBV19"
"5NME","SLYNTVATL","CAVRTNSGYALNF","CASSDTVSYEQYF","868","TRAV12-2","TRBV5-6","HLA-A*02:01","TRAV12-2","TRBV5-6"
"5NMF","SLYNTIATL","CAVRTNSGYALNF","CASSDTVSYEQYF",NA,NA,NA,NA,NA,NA
"5NMG","SLFNTIAVL","CAVRTNSGYALNF","CASSDTVSYEQYF",NA,NA,NA,NA,"TRAV12-2","TRBV5-6"
"5NQK","ELAGIGILTV","CAGGGGADGLTF","CASSQGLAGAGELFF",NA,NA,NA,NA,"TRAV12-2","TRBV19"
"5TEZ","GILGFVFTL","CAASFIIQGAQKLVF","CASSLLGGWSEAFF","F50","TRAV13-1","TRBV27","HLA-A*02:01","TRAV13-1","TRBV27"
"5W1V","VMAPRTLIL","CAGQPLGGSNYKLTF","CASSANPGDSSNEKLFF","GF4","TRAV35","TRBV9","HLA-E*01:03","TRAV35","TRBV9"
"5W1W","VMAPRTLVL","CAGQPLGGSNYKLTF","CASSANPGDSSNEKLFF",NA,NA,NA,NA,NA,NA
"5WKF","GTSGSPIVNR","CGLGDAGNMLTF","CASSLGQGLLYGYTF","D30","TRAV30","TRBV11-2","HLA-A*11:01","TRAV30","TRBV11-2"
"5WKH","GTSGSPIINR","CGLGDAGNMLTF","CASSLGQGLLYGYTF",NA,NA,NA,NA,"TRAV30","TRBV11-2"
"5YXU","KLVALGINAV","CAYGEDDKIIF","CASRRGSAELYF",NA,NA,NA,NA,"TRAV38-2/DV8","TRBV25-1"
"6AM5","SMLGIGIVPV","CAVNFGGGKLIF","CASSLSFGTEAFF","DMF5","TRAV12-2","TRBV6-4","HLA-A*02:01","TRAV12-2","TRBV6-4"
"6AMU","MMWDRGLGMM","CAVNFGGGKLIF","CASSLSFGTEAFF","DMF5","TRAV12-2","TRBV6-4","HLA-A*02:01","TRAV12-2","TRBV6-4"
"6AVF","APRGPHGGAASGL","CLVGEILDNFNKFYF","CASSQRQEGDTQYF","KFJ5","TRAV4","TRBV28","HLA-B*07:02","TRAV4","TRBV28"
"6AVG","APRGPHGGAASGL","CLVVDQKLVF","CASSGGHTGSNEQFF","KFJ37","TRAV4","TRBV9","HLA-B*07:02","TRAV4","TRBV9"
"6BJ2","IPLTEEAEL","CALSHNSGGSNYKLTF","CASSFRGGKTQYF","TCR589","TRAV19","TRBV5-4","HLA-B*35:01","TRAV19","TRBV5-4"
"6BJ3","IPLTEEAEL","CALGEGGAQKLVF","CASRTRGGTLIEQYF",NA,NA,NA,NA,"TRAV19","TRBV6-1"
"6BJ8","VPLTEDAEL","CALGEGGAQKLVF","CASRTRGGTLIEQYF",NA,NA,NA,NA,NA,NA
"6D78","AAGIGILTV","CAVNFGGGKLIF","CASSWSFGTEAFF",NA,NA,NA,NA,NA,NA
"6DKP","ELAGIGILTV","CAVNFGGGKLIF","CASSWSFGTEAFF",NA,NA,NA,NA,"TRAV12-2","TRBV6-4"
"6EQA","AAGIGILTV","CAVNVAGKSTF","CAWSETGLGTGELFF",NA,NA,NA,NA,NA,NA
"6EQB","AAGIGILTV","CAVNDGGRLTF","CAWSETGLGMGGWQF",NA,NA,NA,NA,NA,NA
"6MTM","FEDLRVLSF","CGTERSGGYQKVTF","CASSMSAMGTEAFF","EM2","TRAV30","TRBV19","HLA-B*37:01","TRAV30","TRBV19"
"6Q3S","SLLMWITQV","CAVRPTSGGSYIPTF","CASSYVGNTGELFF",NA,NA,NA,NA,"TRAV21","TRBV6-5"
"6R2L","SLSKILDTV","CAVGGNDWNTDKLIF","CASSPLDVSISSYNEQFF","NYBR","TRAV22","TRBV11-2","HLA-A*02:01","TRAV22","TRBV11-2"
"6RP9","SLLMWITQV","CALTRGPGNQFYF","CASSSPGGVSTEAFF","NYE_S3","TRAV12-2","TRBV7-6","HLA-A*02:01","TRAV12-2","TRBV7-6"
"6RPA","SLLMWITQV","CAVRDINSGAGSYQLTF","CSVGGSGGADTQYF","NYE_S2","TRAV3","TRBV29-1","HLA-A*02:01","TRAV3","TRBV29-1"
"6RPB","SLLMWITQV","CAVKSGGSYIPTF","CASSYLNRDSALDF","NYE_S1","TRAV12-2","TRBV6-5","HLA-A*02:01","TRAV12-2","TRBV6-5"
"6RSY","RMFPNAPYL","CIGGGTTSGTYKYIF","CASSLGFGRDVMRF","a7b2","TRAV26-1","TRBV7-9","HLA-A*02:01","TRAV26-1","TRBV7-9"
"6TMO","EAAGIGILTV","CAVNDGGRLTF","CAWSETGLGMGGWQF",NA,NA,NA,NA,"TRAV12-2","TRBV30"
"6TRO","GVYDGREHTV","CVVNHSGGSYIPTF","CASSFLMTSGDPYEQYF","GVY01","TRAV10","TRBV28","HLA-A*02:01","TRAV10","TRBV28"
"6UK4","KQWLVWLFL","CAFMDSNYQLIW","CASSRTSPTDTQYF",NA,NA,NA,NA,"TRAV38-1","TRBV12-3"
"6ULR","GADGVGKSA","CLVGDMDQAGTALIF","CASSLGEGRVDGYTF",NA,NA,NA,NA,"TRAV4","TRBV5-6"
"6VM7","ITDQVPFSV","CAVNARRNTPLVF","CASSITLSSYNEQFF",NA,NA,NA,NA,"TRAV8-1","TRBV19"
"6VM8","IMDQVPFSV","CAVNARRNTPLVF","CASSITLSSYNEQFF",NA,NA,NA,NA,NA,NA
"6VMA","ITDQVPFSV","CAVNALLGNQFYF","CASSMGGTYEQYF",NA,NA,NA,NA,"TRAV12-2","TRBV19"
"6VMC","ILDQVPFSV","CAVNALLGNQFYF","CASSMGGTYEQYF",NA,NA,NA,NA,NA,NA
"6VMX","RPPIFIRRL","CAFGSSNTGKLIF","CASSQDLFTGGYTF","HD14","TRAV24","TRBV4-1","HLA-B*07:02","TRAV24","TRBV4-1"
"6VQO","HMTEVVRHC","CAMSGLKEDSSYKLIF","CASSIQQGADTQYF","1a2","TRAV12-3","TRBV27","HLA-A*02:01","TRAV12-3","TRBV27"
"6VRM","HMTEVVRHC","CVVQPGGYQKVTF","CASSEGLWQVGDEQYF","6-Dec","TRAV12-1","TRBV6-1","HLA-A*02:01","TRAV12-1","TRBV6-1"
"6VRN","HMTEVVRHC","CAFMGYSGAGSYQLTF","CAISELVTGDSPLHF","38-10","TRAV38-1","TRBV10-3","HLA-A*02:01","TRAV38-1","TRBV10-3"
"7N1E","RLQSLQTYV","CALSGFNNAGNMLTF","CASSLGGAGGADTQYF",NA,NA,NA,NA,"TRAV16","TRBV11-2"
"7N1F","YLQPRTFLL","CAVNRDDKIIF","CASSPDIEQYF",NA,NA,NA,NA,"TRAV12-2","TRBV7-9"
"7N6E","YLQPRTFLL","CVVNRNNDMRF","CAGQVTNTGELFF",NA,NA,NA,NA,"TRAV12-1","TRBV19"
