"clone.id","AV","CDR3a","AJ","BV","CDR3b","BJ"
"iedb_GILGFVFTL_240","TRAV35*01","CAGAGDGGSQGNLIF","TRAJ42*01","TRBV19*01","CASSMRAGYEQYF","TRBJ2-7*01"
"vdj_GILGFVFTL_4813","TRAV17*01","CATDGGGGSQGNLIF","TRAJ42*01","TRBV19*01","CASSMRSTDTQYF","TRBJ2-3*01"
"iedb_GILGFVFTL_304","TRAV1-1*01","CAVVASNTGKLIF","TRAJ37*01","TRBV4-1*01","CASSPRDGQETQYF","TRBJ2-5*01"
"iedb_GILGFVFTL_174","TRAV35*01","CAGTGFQKLVF","TRAJ8*01","TRBV12-4*01","CASSLGDRPSTDTQYF","TRBJ2-3*01"
"iedb_GILGFVFTL_272","TRAV22*01","CAVKPGTASKLTF","TRAJ44*01","TRBV4-3*01","CASSQDLTSEAFF","TRBJ1-1*01"
"iedb_GILGFVFTL_212","TRAV13-2*01","CAEIWDYGQNFVF","TRAJ26*01","TRBV5-6*01","CASSWEGINYGYTF","TRBJ1-2*01"
"iedb_GILGFVFTL_213","TRAV13-2*01","CAENEGGGSQGNLIF","TRAJ42*01","TRBV19*01","CASSIRSAGRAFF","TRBJ1-1*01"
"chan_GILGFVFTL_70","TRAV12-1*01","CVVRVDYKLSF","TRAV12-1*01","TRBV28*01","CASSPVDRSLNQPQHF","TRBJ1-5*01"
"mcpas_GILGFVFTL_601","TRAV25*01","CAASARSMDSNYQLIW","TRAJ52*01","TRBV19*01","CASSIHGANQPQHF","TRBJ1-5*01"
"iedb_GILGFVFTL_276","TRAV12-2*01","CAVNNYGQNFVF","TRAJ26*01","TRBV9*01","CASSVEDYGSVSYGYTF","TRBJ1-2*01"
"iedb_GILGFVFTL_104","TRAV19*01","CALSDLNQAGTALIF","TRAJ15*01","TRBV7-8*01","CASSYGIAGKETQYF","TRBJ2-5*01"
"iedb_GILGFVFTL_233","TRAV27*01","CAGADGGSQGNLIF","TRAJ42*01","TRBV19*02","CASSGRAAGELFF","TRBJ2-2*01"
"iedb_GILGFVFTL_245","TRAV27*01","CAGAGGGSQGNLIF","TRAJ42*01","TRBV19*01","CASSGRSADTQYF","TRBJ2-3*01"
"chan_GILGFVFTL_17","TRAV13-1*01","CAPSGGGSQGNLIF","TRAJ42*01","TRBV19*02","CASSIRSSYNEQFF","TRBJ2-1*01"
"iedb_GILGFVFTL_108","TRAV19*01","CALSEALVTGGGNKLTF","TRAJ10*01","TRBV27*01","CASSLSRRGPNYGYTF","TRBJ1-2*01"
"iedb_GILGFVFTL_181","TRAV35*01","CAGVTYGGSQGNLIF","TRAJ42*01","TRBV19*01","CASSLRSSYEQYF","TRBJ2-7*01"
"iedb_GILGFVFTL_316","TRAV26-2*01","CIAHGGGGADGLTF","TRAJ45*01","TRBV24-1*01","CATSDGLAGGWANVLTF","TRBJ2-6*01"
"iedb_GILGFVFTL_209","TRAV13-2*01","CAEEHDRMYSGGGADGLTF","TRAJ45*01","TRBV19*02","CASSVRSSYEQYF","TRBJ2-7*01"
"chan_GILGFVFTL_61","TRAV16*01","CALSGPRSNYQLIW","TRAV16*01","TRBV19*01","CASSSRSTDTQYF","TRBJ2-3*01"
"iedb_GILGFVFTL_264","TRAV8-6*02","CAVDGSQGNLIF","TRAJ42*01","TRBV19*01","CASSPRGGMTQHF","TRBJ1-5*01"
"iedb_GILGFVFTL_134","TRAV12-2*01","CAGGGSQGNLIF","TRAJ42*01","TRBV19*01","CASSIRSQVEQFF","TRBJ2-1*01"
"vdj_GILGFVFTL_4850","TRAV13-1*01","CAAQGSQGNLIF","TRAJ42*01","TRBV19*01","CASSTFGANVLTF","TRBJ2-6*01"
"chan_GILGFVFTL_68","TRAV16*01","CARKSYGQNFVF","TRAV16*01","TRBV19*01","CASSIRSSYEQYF","TRBJ2-7*01"
"vdj_GILGFVFTL_4848","TRAV22*01","CAVDHLMNYGGSQGNLIF","TRAJ42*01","TRBV19*01","CASSTYSQDTQYF","TRBJ2-3*01"
"iedb_GILGFVFTL_466","TRAV27*01","CAGGGSQGNLIF","TRAJ42*01","TRBV19*01","CARGGGGSYERYF","TRBJ2-7*01"
"vdj_GILGFVFTL_4769","TRAV35*01","CAGPSEPGDSNYQLIW","TRAJ33*01","TRBV19*01","CASSGLSNQPQHF","TRBJ1-5*01"
"iedb_GILGFVFTL_541","TRAV3*01","CAVRDLLTNAGKSTF","TRAJ27*01","TRBV19*01","CASSGTSGTEQYF","TRBJ2-7*01"
"iedb_GILGFVFTL_565","TRAV13-2*01","CAENRGGGSQGNLIF","TRAJ42*01","TRBV19*01","CASSQRASYEQYF","TRBJ2-7*01"
"chan_GILGFVFTL_72","TRAV35*02","CAGGGYGGSQGNLIF","TRAV35*01","TRBV19*01","CASSSRSSGELFF","TRBJ2-2*01"
"iedb_GILGFVFTL_467","TRAV27*01","CAGGGSQGNLIF","TRAJ42*01","TRBV19*01","CASGGRSSYERYF","TRBJ2-7*01"
"iedb_GILGFVFTL_172","TRAV27*01","CAGSQNYGGSQGNLIF","TRAJ42*01","TRBV19*01","CASSWVSLDTQYF","TRBJ2-3*01"
"iedb_GILGFVFTL_566","TRAV30*01","CGTEEGGGSQGNLIF","TRAJ42*01","TRBV19*01","CASSSRSTDTQYF","TRBJ2-3*01"
"iedb_GILGFVFTL_115","TRAV19*01","CALSGSSVGAAGNKLTF","TRAJ17*01","TRBV9*01","CASSVVASSYNEQFF","TRBJ2-1*01"
"iedb_GILGFVFTL_510","TRAV17*01","CARSRNKQGGIFFF","TRAJ23*01","TRBV27*01","CASSLMGQGINQPQHF","TRBJ1-5*01"
"iedb_GILGFVFTL_90","TRAV27*01","CAGATGNTGKLIF","TRAJ37*01","TRBV19*02","CASSTRSGYEQYF","TRBJ2-7*01"
"iedb_GILGFVFTL_186","TRAV6*01","CALDMGGGSQGNLIF","TRAJ42*01","TRBV19*02","CASSIRAADTQYF","TRBJ2-3*01"
"iedb_GILGFVFTL_110","TRAV19*01","CALSEATSGTYKYIF","TRAJ40*01","TRBV7-2*01","CASSRGQLYEQYF","TRBJ2-7*01"
"iedb_GILGFVFTL_122","TRAV12-3*01","CAMSERNKARLMF","TRAJ31*01","TRBV19*01","CASGAGGPLNEQFF","TRBJ2-1*01"
"vdj_GILGFVFTL_2981","TRAV29/DV5*01","CAARPSNTGKLIF","TRAJ37*01","TRBV19*01","CASSPRSGNEQYF","TRBJ2-7*01"
"iedb_GILGFVFTL_193","TRAV13-1*01","CAAENNNDMRF","TRAJ43*01","TRBV7-6*01","CASSLGTSYEQYF","TRBJ2-7*01"
"iedb_GILGFVFTL_58","TRAV27*03","CAATGGGSQGNLIF","TRAJ42*01","TRBV19*01","CASSTRSTDTQYF","TRBJ2-3*01"
"iedb_GILGFVFTL_498","TRAV29/DV5*01","CAASAGGGSQGNLIF","TRAJ42*01","TRBV19*01","CASSGGSKKTQF","TRBJ2-3*01"
"vdj_GILGFVFTL_4359","TRAV14/DV4*01","CAMRGEEGSQGNLIF","TRAJ42*01","TRBV4-1*01","CASSPTLQGPLGETQYF","TRBJ2-5*01"
"vdj_GILGFVFTL_4859","TRAV13-1*01","CAAQGSQGNLIF","TRAJ42*01","TRBV19*01","CASSIGVYGYTF","TRBJ1-2*01"
"iedb_GILGFVFTL_303","TRAV3*01","CAVTSNTGKLIF","TRAJ37*01","TRBV19*01","CASSIRSSYEQYF","TRBJ2-7*01"
"iedb_GILGFVFTL_470","TRAV41*01","CAVLKTSYDKVIF","TRAJ50*01","TRBV19*01","CASSFFLAAGYPF","TRBJ1-2*01"
"vdj_GILGFVFTL_627","TRAV13-1*01","CAASGSQGNLIF","TRAJ42*01","TRBV19*01","CASSIRSSETQYF","TRBJ2-5*01"
"iedb_GILGFVFTL_551","TRAV27*01","CAGGLGGGSQGNLIF","TRAJ42*01","TRBV19*01","CASSIRAAYEQYF","TRBJ2-7*01"
"iedb_GILGFVFTL_48","TRAV25*01","CSPVGDGGSQGNLIF","TRAJ42*01","TRBV19*01","CASSIRSGNTEAFF","TRBJ1-1*01"
"vdj_GILGFVFTL_4312","TRAV30*01","CGTDEAGGSQGNLIF","TRAJ42*01","TRBV19*01","CASSTRSTDTQYF","TRBJ2-3*01"
"iedb_GLCTLVAML_19","TRAV5*01","CAADSNARFMF","TRAJ31*01","TRBV20-1*01","CSARDRVGNTIYF","TRBJ1-3*01"
"iedb_GLCTLVAML_57","TRAV5*01","CAELGNDMRF","TRAJ43*01","TRBV14*01","CASSQAPGGEQYF","TRBJ2-7*01"
"iedb_GLCTLVAML_24","TRAV29/DV5*01","CAARGDTGKLIF","TRAJ37*01","TRBV7-8*01","CASSISGDYGYTF","TRBJ1-2*01"
"iedb_GLCTLVAML_126","TRAV8-3*01","CAVGASRDYKLSF","TRAJ20*01","TRBV11-2*01","CASSFSSGTTDTQYF","TRBJ2-3*01"
"iedb_GLCTLVAML_105","TRAV21*01","CAVYSNSGYALNF","TRAJ41*01","TRBV29-1*01","CSVGTGGTNEKLFF","TRBJ1-4*01"
"iedb_GLCTLVAML_125","TRAV8-3*01","CADPIEDAGNMLTF","TRAJ39*01","TRBV9*01","CASSDGQLTAGELFF","TRBJ2-2*01"
"iedb_GLCTLVAML_26","TRAV13-1*01","CAASRDYKLSF","TRAJ20*01","TRBV29-1*01","CSVGAIMDEQFF","TRBJ2-1*01"
"iedb_GLCTLVAML_40","TRAV5*01","CAEDNNARLMF","TRAJ31*01","TRBV2*01","CASSPGSTAPGELFF","TRBJ2-2*01"
"iedb_GLCTLVAML_94","TRAV22*01","CAVGEDSSYKLIF","TRAJ12*01","TRBV20-1*01","CSAEPETSGGLQYF","TRBJ2-4*01"
"iedb_GLCTLVAML_111","TRAV12-1*01","CVVNGMDSSYKLIF","TRAJ12*01","TRBV2*01","CASTPGTVLPDTQYF","TRBJ2-3*01"
"iedb_GLCTLVAML_50","TRAV5*01","CAEDNNARLMF","TRAJ31*01","TRBV29-1*01","CSVGSGGTNEKLFF","TRBJ1-4*01"
"iedb_GLCTLVAML_69","TRAV5*01","CAESQGNLIF","TRAJ42*01","TRBV14*01","CASSQRPGGQQFF","TRBJ2-1*01"
"iedb_GLCTLVAML_113","TRAV10*01","CVVYMEYGNKLVF","TRAJ47*01","TRBV10-2*01","CASGGLSSYNEQFF","TRBJ2-1*01"
"iedb_GLCTLVAML_138","TRAV5*01","CAEVSGTYKYIF","TRAJ40*01","TRBV20-1*01","CSAWDREVVGTEAFF","TRBJ1-1*01"
"iedb_GLCTLVAML_67","TRAV5*01","CAESLDMLTF","TRAJ39*01","TRBV9*01","CASSVVGGNEQFF","TRBJ2-1*01"
"iedb_GLCTLVAML_99","TRAV5*01","CAVPAEGGYNKLIF","TRAJ4*01","TRBV20-1*01","CSARDSTGNGYTF","TRBJ1-2*01"
"iedb_GLCTLVAML_98","TRAV12-2*01","CCAVNIDTMDSNYQLIWF","TRAJ33*01","TRBV9*01","CASSVGGEAYEQYF","TRBJ2-7*01"
"iedb_GLCTLVAML_62","TRAV5*01","CAESIGKLIF","TRAJ23*01","TRBV29-1*01","CSVGSGGTNEKLFF","TRBJ1-4*01"
"iedb_GLCTLVAML_127","TRAV25*01","CAYGGSQGNLIF","TRAJ42*01","TRBV2*01","CASSQGDVAPGTQYF","TRBJ2-5*01"
"iedb_GLCTLVAML_83","TRAV6*01","CALPMNRDDKIIF","TRAJ30*01","TRBV11-2*01","CASSYAYDGSYEQYF","TRBJ2-7*01"
"iedb_GLCTLVAML_131","TRAV5*01","CAEDNNARLMF","TRAJ31*01","TRBV20-1*01","CSARIGVGNTIYF","TRBJ1-3*01"
"iedb_GLCTLVAML_128","TRAV5*01","CADGSGTTDSWGKLQF","TRAJ24*01","TRBV4-1*01","CASSQNQDMGTEAFF","TRBJ1-1*01"
"vdj_GLCTLVAML_26","TRAV26-2*01","CILGSNDYKLSF","TRAJ20*01","TRBV29-1*01","CSPGTDLYEQYF","TRBJ2-7*01"
"iedb_GLCTLVAML_2","TRAV5*01","CAEDNNARLMF","TRAJ31*01","TRBV20-1*01","CSARDGTGNGYTF","TRBJ1-2*01"
"vdj_GLCTLVAML_376","TRAV1-2*01","CAVDILTGGGNKLTF","TRAJ10*01","TRBV27*01","CASGPYEGNQPQHF","TRBJ1-5*01"
"vdj_GLCTLVAML_281","TRAV12-2*01","CAVNIDTMDSNYQLIW","TRAJ33*01","TRBV9*01","CASSVGGEAYEQYF","TRBJ2-7*01"
"iedb_GLCTLVAML_53","TRAV5*01","CAEDNYGQNFVF","TRAJ26*01","TRBV29-1*01","CSGREDSTNEKLFF","TRBJ1-4*01"
"iedb_GLCTLVAML_107","TRAV26-2*01","CILGMDSSYKLIF","TRAJ12*01","TRBV29-1*01","CSVPGLAVPGELFF","TRBJ2-2*01"
"iedb_GLCTLVAML_85","TRAV16*01","CALRCFGNEKLTF","TRAJ48*01","TRBV29-1*01","CSVPITVQETQYF","TRBJ2-5*01"
"iedb_GLCTLVAML_106","TRAV21*01","CAVYSNSGYALNF","TRAJ41*01","TRBV3-1*01","CASSPDREGGDRGYNEQFF","TRBJ2-1*01"
"iedb_GLCTLVAML_89","TRAV29/DV5*01","CASGGSQGNLIF","TRAJ42*01","TRBV27*01","CASSFGTFETQYF","TRBJ2-5*01"
"iedb_GLCTLVAML_22","TRAV29/DV5*01","CAARFDSGYALNF","TRAJ41*01","TRBV9*02","CASSTYSGQSYGYTF","TRBJ1-2*01"
"iedb_GLCTLVAML_31","TRAV5*01","CAEDDNARLMF","TRAJ31*01","TRBV20-1*01","CSARDRVGNGHTF","TRBJ1-2*01"
"iedb_GLCTLVAML_47","TRAV5*01","CAEDNNARLMF","TRAJ31*01","TRBV20-1*01","CSARLRELSGNTIYF","TRBJ1-3*01"
"iedb_GLCTLVAML_112","TRAV10*01","CVVSDEYGNKLVF","TRAJ47*01","TRBV6-4*02","CASSVWTGHDEQFF","TRBJ2-1*01"
"iedb_GLCTLVAML_104","TRAV1-1*01","CAVRCFGNEKLTF","TRAJ48*01","TRBV29-1*01","CSVPIAVQETQYF","TRBJ2-5*01"
"iedb_GLCTLVAML_91","TRAV41*01","CCAVDDLYSNYQLIWF","TRAJ33*01","TRBV19*02","CASSLSGGINEQFF","TRBJ2-1*01"
"iedb_GLCTLVAML_72","TRAV5*01","CAESTCWGKLQF","TRAJ24*02","TRBV29-1*01","CSVGAGGTNEKLFF","TRBJ1-4*01"
"vdj_GLCTLVAML_377","TRAV13-1*01","CAAGGSQGNLIF","TRAJ42*01","TRBV27*01","CASSLTGTFRGYTF","TRBJ1-2*01"
"iedb_GLCTLVAML_108","TRAV5*01","CSHDNNARLMF","TRAJ31*01","TRBV20-1*01","CSARDRTGNGYTF","TRBJ1-2*01"
"iedb_GLCTLVAML_21","TRAV23/DV6*01","CAAGYSSASKIIF","TRAJ3*01","TRBV11-2*01","CASSFSSGTTDTQYF","TRBJ2-3*01"
"iedb_GLCTLVAML_54","TRAV5*01","CAEIASGTYKYIF","TRAJ40*01","TRBV20-1*01","CSAEISGTQLYNEQFF","TRBJ2-1*01"
"iedb_GLCTLVAML_93","TRAV1-1*01","CAVDDTGGGNKLTF","TRAJ10*01","TRBV2*01","CASSAGQVSPGELFF","TRBJ2-2*01"
"iedb_GLCTLVAML_96","TRAV29/DV5*01","CAVLRGGADGLTF","TRAJ45*01","TRBV27*01","CASSSGAGLDEQFF","TRBJ2-1*01"
"iedb_GLCTLVAML_134","TRAV6*01","CALDSTYSSASKIIF","TRAJ31*01","TRBV20-1*01","CSARDRTGNGYTF","TRBJ1-2*01"
"iedb_GLCTLVAML_82","TRAV19*01","CALNPTGGGNKLTF","TRAJ10*01","TRBV3-1*01","CASSPVSGSSYEQYF","TRBJ2-7*01"
"iedb_GLCTLVAML_76","TRAV5*01","CAESTSRGNTPLVF","TRAJ29*01","TRBV4-1*01","CASSLTTEQQFF","TRBJ2-1*01"
"iedb_GLCTLVAML_124","TRAV21*01","CALYSNSGYALNF","TRAJ41*01","TRBV18*01","CASRPDSDYGYTF","TRBJ1-2*01"
"iedb_GLCTLVAML_55","TRAV5*01","CAEKGGTALIF","TRAJ15*01","TRBV20-1*01","CSARGQGDEQYF","TRBJ2-7*01"
"vdj_GLCTLVAML_17","TRAV12-1*01","CVVNGKDSSYKLIF","TRAJ12*01","TRBV2*01","CASSGGAVAPSEQFF","TRBJ2-1*01"
"vdj_NLVPMVATV_480","TRAV38-1*01","CAFMNHTGTASKLTF","TRAJ44*01","TRBV7-9*01","CASSLASRVGSPLHF","TRBJ1-6*01"
"iedb_NLVPMVATV_161","TRAV26-2*01","CILSNNNDMRF","TRAJ43*01","TRBV30*01","CAWSVSDVANTEAFF","TRBJ1-1*01"
"iedb_NLVPMVATV_126","TRAV6*01","CAIDTGGFKTIF","TRAJ9*01","TRBV6-1*01","CASSGTDSNQPQHF","TRBJ1-5*01"
"iedb_NLVPMVATV_1","TRAV3*01","CAVNYGNMLTF","TRAJ39*01","TRBV27*01","CASSKTSGSPYNEQFF","TRBJ2-1*01"
"vdj_NLVPMVATV_485","TRAV39*01","CAVDRLDTDKLIF","TRAJ34*01","TRBV4-1*01","CASSQQETYEQYF","TRBJ2-7*01"
"iedb_NLVPMVATV_228","TRAV38-2/DV8*01","CAFPINHSGGSNYKLTF","TRAJ53*01","TRBV12-3*01","CASSSTNGYTF","TRBJ1-2*01"
"vdj_NLVPMVATV_183","TRAV18*01","CASNTGNQFYF","TRAJ49*01","TRBV6-5*01","CASSPVTGTGHYGYTF","TRBJ1-2*01"
"iedb_NLVPMVATV_130","TRAV9-2*01","CASSSVNEQYF","TRAJ40*01","TRBV6-5*01","CASSPITGTGAYGYTF","TRBJ1-2*01"
"vdj_NLVPMVATV_227","TRAV14/DV4*01","CAMREDSIGNTPLVF","TRAJ29*01","TRBV19*01","CASSVGLGFTDTQYF","TRBJ2-3*01"
"vdj_NLVPMVATV_249","TRAV21*01","CAVSLYNNNDMRF","TRAJ43*01","TRBV10-3*01","CAISEQEDQPQHF","TRBJ1-5*01"
"iedb_NLVPMVATV_13","TRAV8-2*01","CVPPYEKLTF","TRAJ48*01","TRBV25-1*01","CASSLLVEQFF","TRBJ2-1*01"
"vdj_NLVPMVATV_231","TRAV17*01","CATDPQFYF","TRAJ49*01","TRBV5-6*01","CASSLESWGRAYNEQFF","TRBJ2-1*01"
"vdj_NLVPMVATV_307","TRAV8-6*01","CAVRGAGYALNF","TRAJ41*01","TRBV27*01","CASSFKDTNTGELFF","TRBJ2-2*01"
"vdj_NLVPMVATV_524","TRAV24*01","CARNTGNQFYF","TRAJ49*01","TRBV6-5*01","CASSRQTGSIYGYTF","TRBJ1-2*01"
"vdj_NLVPMVATV_209","TRAV10*01","CVVSIAGNNRKLIW","TRAJ38*01","TRBV12-3*01","CASSPASGSLFF","TRBJ2-1*01"
"vdj_NLVPMVATV_446","TRAV1-1*01","CAVRDPVGNQFYF","TRAJ49*01","TRBV2*01","CASSDPGVDRNTEAFF","TRBJ1-1*01"
"vdj_NLVPMVATV_290","TRAV41*01","CAVRSNFGNEKLTF","TRAJ48*01","TRBV6-6*01","CASSYWDRTTSGNTIYF","TRBJ1-3*01"
"vdj_NLVPMVATV_487","TRAV41*01","CAVRATGTASKLTF","TRAJ44*01","TRBV29-1*01","CSVAGQGDDHTDTQYF","TRBJ2-3*01"
"vdj_NLVPMVATV_210","TRAV10*01","CVVHAGNMLTF","TRAJ39*01","TRBV6-1*01","CASSEGLGGALYGYTF","TRBJ1-2*01"
"iedb_NLVPMVATV_148","TRAV3*01","CAVRPGYSSASKIIF","TRAJ3*01","TRBV6-1*01","CASSETSGRSPYEQYF","TRBJ2-7*01"
"vdj_NLVPMVATV_288","TRAV4*01","CLVGSPVPFSGGYNKLIF","TRAJ4*01","TRBV5-1*01","CASSLDRPSGMAAETQYF","TRBJ2-5*01"
"vdj_NLVPMVATV_190","TRAV3*01","CAVRWGGKLSF","TRAJ20*01","TRBV29-1*01","CSVDPGHTGEKLFF","TRBJ1-4*01"
"iedb_NLVPMVATV_133","TRAV8-3*01","CAVAFGNQFYF","TRAJ49*01","TRBV27*01","CASSMTSGALYNEQFF","TRBJ2-1*01"
"vdj_NLVPMVATV_484","TRAV39*01","CAVDIHPNDYKLSF","TRAJ20*01","TRBV19*01","CASSELAGGGDTQYF","TRBJ2-3*01"
"vdj_NLVPMVATV_185","TRAV17*01","CATVGTASKLTF","TRAJ44*01","TRBV7-2*01","CASSLWLNEQFF","TRBJ2-1*01"
"iedb_NLVPMVATV_8","TRAV16*01","CALGWANNLFF","TRAJ36*01","TRBV27*01","CASSPGTGHTGELFF","TRBJ2-2*01"
"vdj_NLVPMVATV_230","TRAV14/DV4*01","CAMRELLNSGGSNYKLTF","TRAJ53*01","TRBV4-2*01","CASRKLAGPTDTQYF","TRBJ2-3*01"
"iedb_NLVPMVATV_255","TRAV26-2*01","CILDNNNDMRF","TRAJ43*01","TRBV7-6*01","CASSLAPGATNEKLFF","TRBJ1-4*01"
"iedb_NLVPMVATV_156","TRAV20*01","CAVVDQAGTALIF","TRAJ15*01","TRBV4-1*01","CASSAGGGSYNEQFF","TRBJ2-1*01"
"vdj_NLVPMVATV_297","TRAV8-1*01","CAVNAGNNRKLIW","TRAJ38*01","TRBV6-6*01","CASTGSVSTDTQYF","TRBJ2-3*01"
"vdj_NLVPMVATV_269","TRAV29/DV5*01","CAAYTGNQFYF","TRAJ49*01","TRBV27*01","CASSLQVWNEQFF","TRBJ2-1*01"
"vdj_NLVPMVATV_53","TRAV24*01","CATNTGNQFYF","TRAJ49*01","TRBV6-5*01","CASSPQTGTIYGYTF","TRBJ1-2*01"
"vdj_NLVPMVATV_529","TRAV21*01","CAANTGNQFYF","TRAJ49*01","TRBV7-8*01","CASSLMFTGVPQDTQYF","TRBJ2-3*01"
"vdj_NLVPMVATV_234","TRAV19*01","CALSEFRGNTPLVF","TRAJ29*01","TRBV2*01","CASSEPIGTGGNQPQHF","TRBJ1-5*01"
"vdj_NLVPMVATV_461","TRAV21*01","CAEDSGNTPLVF","TRAJ29*01","TRBV7-9*01","CASSLLGVSYYNEQFF","TRBJ2-1*01"
"vdj_NLVPMVATV_519","TRAV17*01","CAMWTSYGKLTF","TRAJ52*01","TRBV7-3*01","CASSLEVTGELFF","TRBJ2-2*01"
"iedb_NLVPMVATV_162","TRAV26-2*01","CILSNNNDMRF","TRAJ43*01","TRBV20-1*01","CSAPPAGEYSNQPQHF","TRBJ1-5*01"
"vdj_NLVPMVATV_304","TRAV8-4*01","CAVTDNNNNDMRF","TRAJ43*01","TRBV6-1*01","CASSDRLENNEKLFF","TRBJ1-4*01"
"vdj_NLVPMVATV_256","TRAV25*01","CAGFNDYKLSF","TRAJ20*01","TRBV10-3*01","CAISESRSRVTDTQYF","TRBJ2-3*01"
"vdj_NLVPMVATV_445","TRAV3*01","CAVRDISARLMF","TRAJ31*01","TRBV12-4*01","CASSSVNVAFF","TRBJ1-1*01"
"vdj_NLVPMVATV_21","TRAV3*01","CAVRDISARLMF","TRAJ31*01","TRBV12-3*01","CASSVVERAFF","TRBJ1-1*01"
"iedb_NLVPMVATV_243","TRAV3*01","CCAVFFGF","TRAJ35*01","TRBV27*01","CCASSPTGGSPSPLHFGF","TRBJ1-6*01"
"vdj_NLVPMVATV_78","TRAV5*01","CAEISPSGGSYIPTF","TRAJ6*01","TRBV24-1*01","CATSDLKVHSGNYGYTF","TRBJ1-2*01"
"vdj_NLVPMVATV_224","TRAV13-2*01","CAESPAGTALIF","TRAJ15*01","TRBV3-1*01","CASSHGAAAGETEAFF","TRBJ1-1*01"
"vdj_NLVPMVATV_483","TRAV39*01","CAVCMDSSYKLIF","TRAJ12*01","TRBV5-4*01","CASSLAGDYEQYF","TRBJ2-7*01"
"iedb_NLVPMVATV_151","TRAV41*01","CAVRSWSTDKLIF","TRAJ34*01","TRBV9*01","CASSVEGTSGRSYNEQFF","TRBJ2-1*01"
"vdj_NLVPMVATV_492","TRAV6*01","CALVTGYSTLTF","TRAJ11*01","TRBV5-4*01","CASSSGTSGSGSYNEQFF","TRBJ2-1*01"
"vdj_NLVPMVATV_454","TRAV13-2*01","CAESGGSNYKLTF","TRAJ53*01","TRBV5-6*01","CASSLDLYGYTF","TRBJ1-2*01"
"vdj_NLVPMVATV_219","TRAV13-1*01","CAASYNTNAGKSTF","TRAJ27*01","TRBV7-6*01","CASSPRTSFETQYF","TRBJ2-5*01"
"vdj_NLVPMVATV_187","TRAV10*01","CVVGYGQFYF","TRAJ49*01","TRBV28*01","CASSFVSFDEQFF","TRBJ2-1*01"
"vdj_RPIIRPATL_34","TRAV36/DV7*01","CAVFSSNTGKLIF","TRAJ37*01","TRBV10-2*01","CASSGVGSGRPNSYNEQFF","TRBJ2-1*01"
"vdj_RPIIRPATL_23","TRAV41*01","CAGFDRGSTLGRLYF","TRAJ18*01","TRBV9*01","CASSTPSSYNEQFF","TRBJ2-1*01"
"vdj_RPIIRPATL_18","TRAV1-2*01","CAVNDGSNYQLIW","TRAJ33*01","TRBV12-3*01","CASSSPPSGGGYEQFF","TRBJ2-1*01"
"vdj_RPIIRPATL_49","TRAV9-2*01","CALSEIDMRF","TRAJ43*01","TRBV29-1*01","CSAGTGSANTEAFF","TRBJ1-1*01"
"vdj_RPIIRPATL_22","TRAV1-2*01","CAVREGTGANNLFF","TRAJ36*01","TRBV5-4*01","CASSDRDRGGNQPQHF","TRBJ1-5*01"
"vdj_RPIIRPATL_57","TRAV8-4*01","CAVRVNTNAGKSTF","TRAJ27*01","TRBV7-6*01","CASSSSYEQYF","TRBJ2-7*01"
"vdj_RPIIRPATL_89","TRAV38-2/DV8*01","CAPNYGGSQGNLIF","TRAJ42*01","TRBV19*01","CASGRIAGELFF","TRBJ2-2*01"
"vdj_RPIIRPATL_88","TRAV13-2*01","CAEISGGYQKVTF","TRAJ13*01","TRBV7-2*01","CASSLVGATAFF","TRBJ1-1*01"
"vdj_RPIIRPATL_91","TRAV14/DV4*01","CAMREGDTSNSGAGSYQLTF","TRAJ28*01","TRBV19*01","CASSMVPDMNTEAFF","TRBJ1-1*01"
"vdj_RPIIRPATL_29","TRAV12-2*01","CAVSDSGGGADGLTF","TRAJ45*01","TRBV4-1*01","CASSQVVAFGDTQYF","TRBJ2-3*01"
"vdj_RPIIRPATL_11","TRAV1-2*01","CAVRDGGRNDMRF","TRAJ43*01","TRBV9*01","CASSVEAGPNEQYF","TRBJ2-7*01"
"vdj_RPIIRPATL_33","TRAV17*01","CATDASKSGGSNYKLTF","TRAJ53*01","TRBV18*01","CASSPGEGMLVSEAFF","TRBJ1-1*01"
"vdj_RPIIRPATL_64","TRAV26-2*01","CILRDRDSSYKLIF","TRAJ12*01","TRBV20-1*01","CSARDPAPEETQYF","TRBJ2-5*01"
"vdj_RPIIRPATL_7","TRAV13-1*01","CAALEAGGGADGLTF","TRAJ45*01","TRBV9*01","CASSVFGVQRGFGTDTQYF","TRBJ2-3*01"
"vdj_RPIIRPATL_62","TRAV13-1*01","CAASQRMNSGYALNF","TRAJ41*01","TRBV19*01","CASSLGTLQPQHF","TRBJ1-5*01"
"vdj_RPIIRPATL_14","TRAV26-1*01","CIAFYYAALPVRLTF","TRAJ44*01","TRBV27*01","CASSTGQGEGLYSNQPQHF","TRBJ1-5*01"
"vdj_RPIIRPATL_30","TRAV14/DV4*01","CAMSLEGGAGNKLTF","TRAJ17*01","TRBV5-4*01","CASSLRQALRNEQFF","TRBJ2-1*01"
"vdj_RPIIRPATL_43","TRAV19*01","CALSDPYGGRRALTF","TRAJ5*01","TRBV29-1*01","CSAVGLAGVRSYEQYF","TRBJ2-7*01"
"vdj_RPIIRPATL_51","TRAV14/DV4*01","CAMREGGSNYQLIW","TRAJ33*01","TRBV19*01","CASSMIPDMNTEAFF","TRBJ1-1*01"
"vdj_RPIIRPATL_24","TRAV1-2*01","CAVREGTGANNLFF","TRAJ36*01","TRBV5-4*01","CASSDREGGPHEQYF","TRBJ2-7*01"
"vdj_RPIIRPATL_6","TRAV6*01","CALELLTGNTGGFKTIF","TRAJ9*01","TRBV27*01","CASSLWQGGQPQHF","TRBJ1-5*01"
"vdj_RPIIRPATL_31","TRAV14/DV4*01","CAMREVGGTASKLTF","TRAJ44*01","TRBV7-9*01","CASSIYPGQLYNSPLHF","TRBJ1-6*01"
"vdj_RPIIRPATL_56","TRAV13-2*01","CAEKSYYGQNFVF","TRAJ26*01","TRBV2*01","CASSGRTGNTEAFF","TRBJ1-1*01"
"vdj_RPIIRPATL_52","TRAV26-2*01","CILRDAYNTDKLIF","TRAJ34*01","TRBV20-1*01","CSARRSDRVNTEAFF","TRBJ1-1*01"
"vdj_RPIIRPATL_44","TRAV26-1*01","CIVRRQSNFGNEKLTF","TRAJ48*01","TRBV7-9*01","CASSLAREYSPLHF","TRBJ1-6*01"
"vdj_RPIIRPATL_32","TRAV22*01","CAVDVDSGAGSYQLTF","TRAJ28*01","TRBV14*01","CASSDNRVWTEAFF","TRBJ1-1*01"
"vdj_RPIIRPATL_40","TRAV1-2*01","CAVNAGNNRKLIW","TRAJ38*01","TRBV10-2*01","CASILGTSGREPYEQYF","TRBJ2-7*01"
"vdj_RPIIRPATL_66","TRAV19*01","CALTPSSGSARQLTF","TRAJ22*01","TRBV11-2*01","CASSFFGAQQVDGYTF","TRBJ1-2*01"
"vdj_RPIIRPATL_54","TRAV14/DV4*01","CAMSLHDTGRRALTF","TRAJ5*01","TRBV7-2*01","CASSLNFVGLNQPQHF","TRBJ1-5*01"
"vdj_RPIIRPATL_45","TRAV1-2*01","CAVRDDSNYQLIW","TRAJ33*01","TRBV28*01","CASTAQGFSNQPQHF","TRBJ1-5*01"
"vdj_RPIIRPATL_15","TRAV1-2*01","CAVRDSGAGSYQLTF","TRAJ28*01","TRBV4-2*01","CASSQSSGGGRSEAFF","TRBJ1-1*01"
"vdj_RPIIRPATL_72","TRAV14/DV4*01","CAMRGGGSNYKLTF","TRAJ53*01","TRBV19*01","CASSSIPDFNTEAFF","TRBJ1-1*01"
"vdj_RPIIRPATL_39","TRAV1-2*01","CAVRDGAGTALIF","TRAJ15*01","TRBV9*01","CASSVEGGGAQETQYF","TRBJ2-5*01"
"vdj_RPIIRPATL_48","TRAV38-2/DV8*01","CAYRSAMDSNYQLIW","TRAJ33*01","TRBV19*01","CASSTIGPYGELFF","TRBJ2-2*01"
"vdj_RPIIRPATL_46","TRAV38-2/DV8*01","CAYRSAPDSSYKLIF","TRAJ12*01","TRBV2*01","CASRGLSNTGELFF","TRBJ2-2*01"
"vdj_RPIIRPATL_70","TRAV14/DV4*01","CAMSRQGMDSSYKLIF","TRAJ12*01","TRBV29-1*01","CSVVQGAECTF","TRBJ1-2*01"
"vdj_RPIIRPATL_17","TRAV1-2*01","CAVREGTGANNLFF","TRAJ36*01","TRBV4-2*01","CASSPREAGGISGYTF","TRBJ1-2*01"
"vdj_RPIIRPATL_1","TRAV1-2*01","CAVNAGNNRKLIW","TRAJ38*01","TRBV13*01","CASSLAGTGGRFSYEQYF","TRBJ2-7*01"
"vdj_RPIIRPATL_35","TRAV14/DV4*01","CAMREGGGTSYGKLTF","TRAJ52*01","TRBV7-2*01","CASSLAGTSGYTYEQYF","TRBJ2-7*01"
"vdj_RPIIRPATL_5","TRAV1-2*01","CAVRDGGGFKTIF","TRAJ9*01","TRBV10-2*01","CASSEETGNQPQHF","TRBJ1-5*01"
"vdj_RPIIRPATL_3","TRAV23/DV6*01","CAATFLRDMRF","TRAJ43*01","TRBV27*01","CASSYYRLAGELFF","TRBJ2-2*01"
"vdj_RPIIRPATL_12","TRAV8-6*01","CAVSEISAAGNKLTF","TRAJ17*01","TRBV27*01","CASSPYGGPGNTIYF","TRBJ1-3*01"
"vdj_RPIIRPATL_76","TRAV38-2/DV8*01","CAPSGTYKYIF","TRAJ40*01","TRBV7-2*01","CASSLVGGEQYF","TRBJ2-7*01"
"vdj_RPIIRPATL_59","TRAV38-2/DV8*01","CAYRSSVYNNAGNMLTF","TRAJ39*01","TRBV4-2*01","CASSQNSVGSYNEQFF","TRBJ2-1*01"
"vdj_RPIIRPATL_68","TRAV6*01","CALENYGGSQGNLIF","TRAJ42*01","TRBV9*01","CASSASAEFSSYEQYF","TRBJ2-7*01"
"vdj_RPIIRPATL_20","TRAV29/DV5*01","CAASGGSNYKLTF","TRAJ53*01","TRBV7-9*01","CASRQEGRPMNTEAFF","TRBJ1-1*01"
"vdj_RPIIRPATL_42","TRAV1-2*01","CAVREGTGANNLFF","TRAJ36*01","TRBV5-5*01","CASSLREMGGKAEAFF","TRBJ1-1*01"
"vdj_RPIIRPATL_38","TRAV14/DV4*01","CAITIEGSTLGRLYF","TRAJ18*01","TRBV2*01","CAGRGRPNEKLFF","TRBJ1-4*01"
"vdj_RPIIRPATL_9","TRAV19*01","CALPDGGSNYKLTF","TRAJ53*01","TRBV13*01","CASSSRGSGGASSYEQYF","TRBJ2-7*01"
"vdj_RPIIRPATL_13","TRAV19*01","CALSEAISTGTASKLTF","TRAJ44*01","TRBV27*01","CASSTWSQNTGELFF","TRBJ2-2*01"
"vdj_YLQPRTFLL_41","TRAV38-2/DV8*01","CALMSARLMF","TRAJ31*01","TRBV12-3*01","CASSFARAQADTQYF","TRBJ2-3*01"
"vdj_YLQPRTFLL_152","TRAV8-1*01","CAVNPPSGTYKYIF","TRAJ40*01","TRBV20-1*01","CSARDKQGWNTGELFF","TRBJ2-2*01"
"vdj_YLQPRTFLL_143","TRAV8-6*01","CADFGSGVSNYKLTF","TRAJ53*01","TRBV19*01","CASSISESSYNEQFF","TRBJ2-1*01"
"vdj_YLQPRTFLL_155","TRAV9-2*01","CALSENKLSF","TRAJ20*01","TRBV20-1*01","CSARDPTQQNTGELFF","TRBJ2-2*01"
"iedb_YLQPRTFLL_184","TRAV17*01","CATRNTDKLIF","TRAJ34*01","TRBV27*01","CASSFGRGGSQPQHF","TRBJ1-5*01"
"vdj_YLQPRTFLL_130","TRAV25*01","CAPRNAGGTSYGKLTF","TRAJ52*01","TRBV7-8*01","CASSLGPNTGELFF","TRBJ2-2*01"
"iedb_YLQPRTFLL_415","TRAV12-1*01","CVVNINTDKLIF","TRAJ34*01","TRBV7-9*03","CASSSANSGELFF","TRBJ2-2*01"
"iedb_YLQPRTFLL_322","TRAV22*01","CAVDGRDDKIIF","TRAJ30*01","TRBV6-1*01","CASSEWRWGGPTDTQYF","TRBJ2-3*01"
"vdj_YLQPRTFLL_147","TRAV14/DV4*01","CAMRDPHLWSGATNKLIF","TRAJ32*01","TRBV2*01","CASADLDTGELFF","TRBJ2-2*01"
"vdj_YLQPRTFLL_157","TRAV29/DV5*01","CAASRPSGGTSYGKLTF","TRAJ52*01","TRBV10-1*01","CATGESNTGELFF","TRBJ2-2*01"
"vdj_YLQPRTFLL_145","TRAV12-2*01","CAVNRDDKIIF","TRAJ30*01","TRBV7-9*01","CASSLDIEAFF","TRBJ1-1*01"
"iedb_YLQPRTFLL_209","TRAV3*01","CAVRDLNMDTGRRALTF","TRAJ5*01","TRBV5-6*01","CASSLGGEGKTQYF","TRBJ2-5*01"
"vdj_YLQPRTFLL_42","TRAV41*01","CAVIPDFGNEKLTF","TRAJ48*01","TRBV18*01","CASRDGRESYEQYF","TRBJ2-7*01"
"vdj_YLQPRTFLL_45","TRAV14/DV4*01","CAMREAPFAYSGAGSYQLTF","TRAJ28*01","TRBV27*01","CASSDRGRSYEQYF","TRBJ2-7*01"
"vdj_YLQPRTFLL_27","TRAV5*01","CAEILDFGNEKLTF","TRAJ48*01","TRBV20-1*01","CSARDPSGVKLFF","TRBJ1-4*01"
"vdj_YLQPRTFLL_175","TRAV8-4*01","CAVSDDQGAQKLVF","TRAJ54*01","TRBV28*01","CASSLPAGWEDTQYF","TRBJ2-3*01"
"iedb_YLQPRTFLL_206","TRAV41*01","CAVPHPSNFGNEKLTF","TRAJ48*01","TRBV27*01","CASSILAGTYNEQFF","TRBJ2-1*01"
"vdj_YLQPRTFLL_154","TRAV13-2*01","CAERGSYIPTF","TRAJ6*01","TRBV20-1*01","CSATRDLNTGELFF","TRBJ2-2*01"
"iedb_YLQPRTFLL_213","TRAV3*01","CAVRPFLLSGGYNKLIF","TRAJ4*01","TRBV28*01","CASSLASTDTQYF","TRBJ2-3*01"
"vdj_YLQPRTFLL_158","TRAV12-2*01","CAVNTLDKLTF","TRAJ10*01","TRBV7-9*01","CASSLDIEAFF","TRBJ1-1*01"
"vdj_YLQPRTFLL_138","TRAV8-6*01","CAVLPHGNNRLAF","TRAJ7*01","TRBV20-1*01","CSARDRVGQNTGELFF","TRBJ2-2*01"
"vdj_YLQPRTFLL_18","TRAV12-1*01","CVVNIPQAGTALIF","TRAJ15*01","TRBV20-1*01","CSARGLAEANTGELFF","TRBJ2-2*01"
"vdj_YLQPRTFLL_135","TRAV12-3*01","CAMKGKNQGGKLIF","TRAJ23*01","TRBV19*01","CASPDLNTGELFF","TRBJ2-2*01"
"vdj_YLQPRTFLL_174","TRAV23/DV6*01","CAASKAAGNKLTF","TRAJ17*01","TRBV6-2*01","CANQDLNTGELFF","TRBJ2-2*01"
"iedb_YLQPRTFLL_22","TRAV3*01","CAVRDKNTDKLIF","TRAJ34*01","TRBV6-5*01","CASSYPTGEGQETQYF","TRBJ2-5*01"
"vdj_YLQPRTFLL_131","TRAV3*01","CAVSPPRRYGNKLVF","TRAJ47*01","TRBV5-8*01","CASSGNRDRNTGELFF","TRBJ2-2*01"
"vdj_YLQPRTFLL_148","TRAV22*01","CAFFSGGGADGLTF","TRAJ45*01","TRBV2*01","CAMRTDPNTGELFF","TRBJ2-2*01"
"vdj_YLQPRTFLL_161","TRAV29/DV5*01","CAASAGGNNRLAF","TRAJ7*01","TRBV30*01","CAWIELNTGELFF","TRBJ2-2*01"
"vdj_YLQPRTFLL_46","TRAV6*01","CALVGNQFYF","TRAJ49*01","TRBV7-9*01","CASNNANTGELFF","TRBJ2-2*01"
"vdj_YLQPRTFLL_137","TRAV19*01","CALSPFPRGAGSYQLTF","TRAJ28*01","TRBV15*01","CATSRDMRGSVELFF","TRBJ2-2*01"
"vdj_YLQPRTFLL_149","TRAV36/DV7*01","CAPKAAGNKLTF","TRAJ17*01","TRBV13*01","CASSPIAGGNTGELFF","TRBJ2-2*01"
"vdj_YLQPRTFLL_136","TRAV17*01","CATDYGNNRLAF","TRAJ7*01","TRBV7-9*01","CARGDANTGELFF","TRBJ2-2*01"
"vdj_YLQPRTFLL_170","TRAV16*01","CALSYSSASKIIF","TRAJ3*01","TRBV28*01","CASSTMVGGKGEKLFF","TRBJ1-4*01"
"vdj_YLQPRTFLL_132","TRAV14/DV4*01","CAINTGNQFYF","TRAJ49*01","TRBV13*01","CASSLDRGRVSTDTQYF","TRBJ2-3*01"
"vdj_YLQPRTFLL_49","TRAV14/DV4*01","CAMRGAGNEKLTF","TRAJ48*01","TRBV9*01","CASSVEPGWDEQYF","TRBJ2-7*01"
"vdj_YLQPRTFLL_44","TRAV12-1*01","CVVNKGNDMRF","TRAJ43*01","TRBV2*01","CASQDTNTGELFF","TRBJ2-2*01"
"vdj_YLQPRTFLL_176","TRAV12-1*01","CVVNRDDKIIF","TRAJ30*01","TRBV7-8*01","CASSDSYGYTF","TRBJ1-2*01"
"vdj_YLQPRTFLL_172","TRAV13-1*01","CAGPYNFNKFYF","TRAJ21*01","TRBV2*01","CASRDRDSLNTGELFF","TRBJ2-2*01"
"iedb_YLQPRTFLL_414","TRAV12-2*01","CAVNRDDKIIF","TRAJ30*01","TRBV7-9*01","CASSPDIEQYF","TRBJ2-7*01"
"vdj_YLQPRTFLL_160","TRAV16*01","CALTDKLIF","TRAJ34*01","TRBV29-1*01","CSVETDRNTVEAFF","TRBJ1-1*01"
"vdj_YLQPRTFLL_133","TRAV9-2*01","CALSFSSASKIIF","TRAJ3*01","TRBV18*01","CASSPPGLGNTGELFF","TRBJ2-2*01"
"iedb_YLQPRTFLL_183","TRAV17*01","CATPGGQKLVF","TRAJ54*01","TRBV28*01","CASTLRDRGNQPQHF","TRBJ1-5*01"
"vdj_YLQPRTFLL_156","TRAV14/DV4*01","CARDQRGYQKVTF","TRAJ13*01","TRBV20-1*01","CSARDDRALNTGELFF","TRBJ2-2*01"
"vdj_YLQPRTFLL_139","TRAV29/DV5*01","CAARGGADGLTF","TRAJ45*01","TRBV2*01","CASSPMGNWGNQPQHF","TRBJ1-5*01"
"vdj_YLQPRTFLL_141","TRAV12-1*01","CVVNGADKIIF","TRAJ30*01","TRBV7-9*01","CASSPDIEAFF","TRBJ1-1*01"
"iedb_YLQPRTFLL_108","TRAV19*01","CALIDPYNAGNMLTF","TRAJ39*01","TRBV5-6*01","CASSLGGGKISYNEQFF","TRBJ2-1*01"
"vdj_YLQPRTFLL_150","TRAV8-3*01","CAVGAAGGTSYGKLTF","TRAJ52*01","TRBV12-3*01","CANGDLNSGELFF","TRBJ2-2*01"
"vdj_YLQPRTFLL_146","TRAV38-2/DV8*01","CAYSSQGGSEKLVF","TRAJ57*01","TRBV12-4*01","CASSSTTGGGFSGANVLTF","TRBJ2-6*01"
"vdj_YLQPRTFLL_159","TRAV35*01","CAGSDPSNTGKLIF","TRAJ37*01","TRBV5-5*01","CASSFGAGTAENTGELFF","TRBJ2-2*01"
"vdj_YLQPRTFLL_10","TRAV9-2*01","CALSAPYSGGGADGLTF","TRAJ45*01","TRBV2*01","CASSDLNTGELFF","TRBJ2-2*01"
"chan_GILGFVFTL_YVLDHLIVV_105","TRAV8-1*01","CAVKDTDKLIF","TRAJ34*01","TRBV7-2*04","CASSPPGLQYGYTF","TRBJ1-2*01"
"chan_YVLDHLIVV_80","TRAV17*01","CALNTGGFKTIF","TRAJ9*01","TRBV28*01","CASSVPTLSDGYTF","TRBJ1-2*01"
"chan_GILGFVFTL_YVLDHLIVV_8","TRAV5*01","CAEPRDSNYQLIW","TRAJ33*01","TRBV27*01","CASIGSGYPYNEQFF","TRBJ2-1*01"
"chan_GILGFVFTL_YVLDHLIVV_14","TRAV4*01","CLVLESNYQLIW","TRAJ33*01","TRBV27*01","CASSRSHSNQPQHF","TRBJ1-5*01"
"chan_GILGFVFTL_YVLDHLIVV_110","TRAV14/DV4*01","CAMREGLGNFNKFYF","TRAJ21*01","TRBV13*02","CANPRALNYGYTF","TRBJ1-2*01"
"chan_YVLDHLIVV_3","TRAV8-1*01","CAVKDTDKLIF","TRAJ34*01","TRBV24-1*01","CATSDFLAAEDTQYF","TRBJ2-3*01"
"chan_YVLDHLIVV_90","TRAV10*01","QCGDLLSLKDARQLTF","TRAJ22*01","TRBV6-2*01","CASSSYPGLSTGELFF","TRBJ2-2*01"
"chan_GILGFVFTL_YVLDHLIVV_12","TRAV19*01","CALSEATGYSTLTF","TRAJ11*01","TRBV7-9*01","CASSLVLGYYNEQFF","TRBJ2-1*01"
"chan_GILGFVFTL_YVLDHLIVV_34","TRAV22*01","CAVEPYSGTYKYIF","TRAJ40*01","TRBV4-3*01","CASSQDPVSGATDTQYF","TRBJ2-3*01"
"chan_YVLDHLIVV_50","TRAV22*01","CAAGSGAGSYQLTF","TRAJ28*01","TRBV6-2*01","CSARGTEFYEQYF","TRBJ2-1*01"
"chan_GILGFVFTL_YVLDHLIVV_1","TRAV29/DV5*01","CAASGGSNYKLTF","TRAJ53*01","TRBV19*02","CASSGLYIGTGVLNYGYTF","TRBJ1-2*01"
"chan_YVLDHLIVV_38","TRAV22*01","WAAGSGVGSFQLTF","TRAJ28*01","TRBV6-2*01","CSVGGTGSGTSGAYSYNEQFF","TRBJ2-1*01"
"chan_GILGFVFTL_YVLDHLIVV_79","TRAV16*01","CALKDTDKLIF","TRAJ34*01","TRBV25-1*01","CASSEWFSYNEQFF","TRBJ2-1*01"
"chan_GILGFVFTL_YVLDHLIVV_84","TRAV1-2*01","CAVRRGSTLGRLYF","TRAJ18*01","TRBV2*03","CASSTPGGQGIRARDLGQFF","TRBJ2-1*01"
"chan_GILGFVFTL_YVLDHLIVV_5","TRAV8-4*05","CAVSDQDNDMRF","TRAJ43*01","TRBV2*03","CASKFRDHYEQYF","TRBJ2-7*01"
"chan_YVLDHLIVV_42","TRAV25*01","CAGATIGFGNVLHC","TRAJ35*01","TRBV27*01","CASSYPTGHSSYNEQFF","TRBJ2-1*01"
"chan_GILGFVFTL_YVLDHLIVV_100","TRAV8-1*01","CAVNSGYALNF","TRAJ41*01","TRBV30*01","CAWSVPLGSNQPQHF","TRBJ1-5*01"
"chan_GILGFVFTL_YVLDHLIVV_31","TRAV3*01","CAVRGTNAGKSTF","TRAV3*01","TRBV29-1*02","CSVGTASYNEQFF","TRBJ2-1*01"
"chan_GILGFVFTL_YVLDHLIVV_87","TRAV6*01","CALDMGGGSQGNLIF","TRAJ42*01","TRBV19*02","CASSTRSTDTQYF","TRBJ2-3*01"
"chan_GILGFVFTL_YVLDHLIVV_22","TRAV14/DV4*02","CAMRRGGNFNKFYF","TRAJ21*01","TRBV29-1*02","CSVGTASYNEQFF","TRBJ2-1*01"
"chan_GILGFVFTL_YVLDHLIVV_92","TRAV19*01","CALTRRYDKIIF","TRAJ30*01","TRBV2*03","CASSVEASSSTDTQYF","TRBJ2-3*01"
"chan_GILGFVFTL_YVLDHLIVV_116","TRAV38-2/DV8*01","CAYRRRGQKLLF","TRAJ16*01","TRBV9*01","CASSVNPLAGRDTQYF","TRBJ2-3*01"
"chan_YVLDHLIVV_68","TRAV17*01","CATDADYGQNFVF","TRAJ26*01","TRBV27*01","CASSSNPMLETQYF","TRBJ2-5*01"
"chan_YVLDHLIVV_1","TRAV13-1*01","CAASNSGTYKYIF","TRAJ40*01","TRBV9*01","CASSVGANNSPLHF","TRBJ1-6*01"
"chan_GILGFVFTL_YVLDHLIVV_90","TRAV1-1*01","CAVRDNDYKLSF","TRAJ20*01","TRBV5-1*01","CASSLAEQGYNEQFF","TRBJ2-1*01"
"chan_GILGFVFTL_YVLDHLIVV_101","TRAV22*01","CAVGYSSASKIIF","TRAJ3*01","TRBV27*01","CASSPRGTYNSPLHF","TRBJ1-6*01"
"chan_YVLDHLIVV_60","TRAV17*01","CATDADYGQNFVF","TRAJ26*01","TRBV27*01","CASSLSMTHTYNEQFF","TRBJ2-1*01"
"chan_YVLDHLIVV_48","TRAV22*01","CAAGSGAGSYQLTF","TRAJ28*01","TRBV6-2*01","CASRQQGSTEAFF","TRBJ2-1*01"
"chan_GILGFVFTL_YVLDHLIVV_108","TRAV20*01","CAVRGYNAGNKFTF","TRAJ39*01","TRBV5-4*01","CASSFENEETQYF","TRBJ2-5*01"
"chan_GILGFVFTL_YVLDHLIVV_29","TRAV24*01","CAPNSGYSTLTF","TRAV24*01","TRBV27*01","CASIGSGYPYNEQFF","TRBJ2-1*01"
"chan_GILGFVFTL_YVLDHLIVV_102","TRAV8-1*01","CAVRNTGKLIF","TRAJ37*02","TRBV6-6*03","CASSHSGPEQFF","TRBJ2-1*01"
"chan_YVLDHLIVV_41","TRAV22*01","CAAGSGAGSYQLTF","TRAJ28*01","TRBV6-2*01","CASSYIGVGYTF","TRBJ2-1*01"
"vdj_YVLDHLIVV_1","TRAV38-2/DV8*01","CAYRSAFKLTF","TRAJ48*01","TRBV30*01","CAWSVPLGRREKLFF","TRBJ1-4*01"
"chan_GILGFVFTL_YVLDHLIVV_6","TRAV8-4*05","CAVSDQDNDMRF","TRAJ43*01","TRBV19*02","CASSSFGNGNQPQHF","TRBJ1-5*01"
"chan_GILGFVFTL_YVLDHLIVV_74","TRAV25*01","CAGNYGGSQGNLIF","TRAJ42*01","TRBV19*02","CASSPRSTDTQYF","TRBJ2-3*01"
"chan_GILGFVFTL_YVLDHLIVV_76","TRAV8-2*01","CVVSDFGSNSGYALNF","TRAJ41*01","TRBV19*02","CASSMMTIGDSPLHF","TRBJ1-6*01"
"chan_YVLDHLIVV_64","TRAV17*01","CATDADYGQNFVF","TRAJ26*01","TRBV27*01","CASSRDASSSYNEQFF","TRBJ2-1*01"
"chan_YVLDHLIVV_35","TRAV22*01","CAAGSGAGSYQLTF","TRAJ28*01","TRBV6-2*01","CSAVGLAGGFIVDEQFF","TRBJ2-1*01"
"chan_YVLDHLIVV_74","TRAV16*01","CALKDTDKLIF","TRAJ34*01","TRBV6-1*01","CASSPTTMLETQYF","TRBJ2-5*01"
"chan_GILGFVFTL_YVLDHLIVV_97","TRAV8-1*01","CAVKDTDKLIF","TRAJ34*01","TRBV19*03","CASSGYNEQFF","TRBJ2-1*01"
"chan_GILGFVFTL_YVLDHLIVV_104","TRAV26-1*01","CIVRVRDNFNKFYF","TRAJ21*01","TRBV5-1*01","CASSFLSGLAGGTDTQYF","TRBJ2-3*01"
"chan_GILGFVFTL_YVLDHLIVV_77","TRAV12-2*03","CAVGWDQAGTALIF","TRAJ15*01","TRBV11-3*02","CASSPRMRDRGYNEQFF","TRBJ2-1*01"
"chan_YVLDHLIVV_73","TRAV16*01","CALRGSGNQFYF","TRAJ49*01","TRBV27*01","CASSQGPSSGNTIYF","TRBJ1-3*01"
"chan_GILGFVFTL_YVLDHLIVV_115","TRAV12-2*03","CAAPYNFNKFYF","TRAJ21*01","TRBV12-4*01","CASSLVGVNEQYF","TRBJ2-7*01"
"chan_GILGFVFTL_YVLDHLIVV_94","TRAV12-2*03","CAANNARLMF","TRAJ31*01","TRBV29-1*02","CSVPDRGDINEQFF","TRBJ2-1*01"
"chan_GILGFVFTL_YVLDHLIVV_114","TRAV8-1*01","CAVGSQGNLIF","TRAJ42*01","TRBV6-5*01","CASSSILGSASTQYF","TRBJ2-5*01"
"chan_YVLDHLIVV_44","TRAV22*01","RDAGCGAGSYQFTF","TRAJ28*01","TRBV6-2*01","CASSYPTGHSSYNEQFF","TRBJ2-1*01"
"chan_GILGFVFTL_YVLDHLIVV_13","TRAV35*01","CAGQLAGGSQGNLIF","TRAJ42*01","TRBV19*03","CASTGLSIQPQHF","TRBJ1-5*01"
"chan_GILGFVFTL_YVLDHLIVV_30","TRAV12-2*01","CAVNRVDSSYKLIF","TRAV12-2*01","TRBV4-2*01","CASRNIRQDGYTF","TRBJ1-2*01"
"chan_YVLDHLIVV_43","TRAV22*01","CAAGSGVGSYQLTF","TRAJ28*01","TRBV6-2*01","CASGRLAGYNEQFF","TRBJ2-1*01"
"decoy_GILGFVFTL_1","TRAV14/DV4*01","CAMRGISSGSARQLTF","TRAJ22*01","TRBV4-3*01","CASSQDHRMGGHEKLFF","TRBJ1-4*01"
"decoy_GILGFVFTL_2","TRAV14/DV4*01","CAMREQEDSNYQLIW","TRAJ33*01","TRBV6-1*01","CASSEESYLMNTEAFF","TRBJ1-1*01"
"decoy_GILGFVFTL_3","TRAV5*01","CAEFTGGGNKLTF","TRAJ10*01","TRBV5-4*01","CASSDPGQGDSGELFF","TRBJ2-2*01"
"decoy_GILGFVFTL_4","TRAV16*01","CALSSTETGFQKLVF","TRAJ8*01","TRBV4-3*01","CASSQVRGINIQYF","TRBJ2-4*01"
"decoy_GILGFVFTL_5","TRAV21*01","CAAQDNYGQNFVF","TRAJ26*01","TRBV11-1*01","CASSLAVSSYNEQFF","TRBJ2-1*01"
"decoy_GILGFVFTL_6","TRAV14/DV4*01","CAMRPPFRGGYNKLIF","TRAJ4*01","TRBV24-1*01","CATSQGTHTQYF","TRBJ2-3*01"
"decoy_GILGFVFTL_7","TRAV29/DV5*01","CAASDENGGSQGNLIF","TRAJ42*01","TRBV15*01","CATSRVDDRVDGYTF","TRBJ1-2*01"
"decoy_GILGFVFTL_8","TRAV13-1*01","CAGGGNKLTF","TRAJ10*01","TRBV7-2*01","CASSLLGSNQETQYF","TRBJ2-5*01"
"decoy_GILGFVFTL_9","TRAV19*01","CALSEATYNQGGKLIF","TRAJ23*01","TRBV19*01","CASSIFPNPGNTIYF","TRBJ1-3*01"
"decoy_GILGFVFTL_10","TRAV5*01","CAESKSGYNKLIF","TRAJ4*01","TRBV27*01","CASSLVPGHNEQFF","TRBJ2-1*01"
"decoy_GILGFVFTL_11","TRAV12-2*01","CAVTPGGGADGLTF","TRAJ45*01","TRBV7-3*01","CASSLGTLGGGTEAFF","TRBJ1-1*01"
"decoy_GILGFVFTL_12","TRAV19*01","CAPPAGTALIF","TRAJ15*01","TRBV10-3*01","CAISEPGAPNEKLFF","TRBJ1-4*01"
"decoy_GILGFVFTL_13","TRAV12-3*01","CATYLTGNQFYF","TRAJ49*01","TRBV12-4*01","CASSQALPYEQYF","TRBJ2-7*01"
"decoy_GILGFVFTL_14","TRAV25*01","CAGLGGGSNYKLTF","TRAJ53*01","TRBV10-3*01","CAISDPTDLNTEAFF","TRBJ1-1*01"
"decoy_GILGFVFTL_15","TRAV24*01","CAFNSNSGYALNF","TRAJ41*01","TRBV25-1*01","CASSGSPGLTEAFF","TRBJ1-1*01"
"decoy_GILGFVFTL_16","TRAV9-2*01","CALRGYNQGGKLIF","TRAJ23*01","TRBV4-3*01","CASSRDRGISTTEAFF","TRBJ1-1*01"
"decoy_GILGFVFTL_17","TRAV12-1*01","CVVNRGYNQGGKLIF","TRAJ23*01","TRBV3-1*01","CASSQDASGYYNEQFF","TRBJ2-1*01"
"decoy_GILGFVFTL_18","TRAV4*01","CLVGDIGDTGRRALTF","TRAJ5*01","TRBV11-2*01","CASTNLAGYDEQFF","TRBJ2-1*01"
"decoy_GILGFVFTL_19","TRAV38-2/DV8*01","CALGGGAQKLVF","TRAJ54*01","TRBV28*01","CASRLGLGDREDEKLFF","TRBJ1-4*01"
"decoy_GILGFVFTL_20","TRAV29/DV5*01","CAASFNSGGYNKLIF","TRAJ4*01","TRBV7-9*01","CASSLEREGDNEQFF","TRBJ2-1*01"
"decoy_GILGFVFTL_21","TRAV27*01","CAGAQGGSEKLVF","TRAJ57*01","TRBV6-5*01","CASSDGFPDSTYEQYF","TRBJ2-7*01"
"decoy_GILGFVFTL_22","TRAV24*01","CALISGYSTLTF","TRAJ11*01","TRBV6-5*01","CASSTWTVSYEQYF","TRBJ2-7*01"
"decoy_GILGFVFTL_23","TRAV12-2*01","CAVNWEEQGGSYIPTF","TRAJ6*01","TRBV28*01","CASSLRGGGSYTF","TRBJ1-2*01"
"decoy_GILGFVFTL_24","TRAV22*01","CAVGFGNEKLTF","TRAJ48*01","TRBV9*01","CASSGVSTYNEQFF","TRBJ2-1*01"
"decoy_GILGFVFTL_25","TRAV5*01","CAEKRNDYKLSF","TRAJ20*01","TRBV2*01","CASSPLNTGELFF","TRBJ2-2*01"
"decoy_GILGFVFTL_26","TRAV12-3*01","CAMSRTNDYKLSF","TRAJ20*01","TRBV29-1*01","CSVEGREKLFF","TRBJ1-4*01"
"decoy_GILGFVFTL_27","TRAV38-2/DV8*01","CAYRSAADSGYALNF","TRAJ41*01","TRBV5-4*01","CASSLGLGKSVDTEAFF","TRBJ1-1*01"
"decoy_GILGFVFTL_28","TRAV19*01","CALSDLPNDMRF","TRAJ43*01","TRBV3-1*01","CASSTGTGVDEKLFF","TRBJ1-4*01"
"decoy_GILGFVFTL_29","TRAV21*01","CAVGPTGKLIF","TRAJ37*01","TRBV7-9*01","CASSEDRGYQETQYF","TRBJ2-5*01"
"decoy_GILGFVFTL_30","TRAV25*01","CAEKTSYDKVIF","TRAJ50*01","TRBV19*01","CASSARTGVGYGYTF","TRBJ1-2*01"
"decoy_GILGFVFTL_31","TRAV38-2/DV8*01","CAYRSSLGEKLTF","TRAJ48*01","TRBV7-9*01","CASSAGRNEKLFF","TRBJ1-4*01"
"decoy_GILGFVFTL_32","TRAV12-2*01","CAVNDGNKLVF","TRAJ47*01","TRBV27*01","CASSLSWNQPQHF","TRBJ1-5*01"
"decoy_GILGFVFTL_33","TRAV30*01","CGTESNTGNQFYF","TRAJ49*01","TRBV27*01","CASSLLTGNQPQHF","TRBJ1-5*01"
"decoy_GILGFVFTL_34","TRAV30*01","CGLRDNFNKFYF","TRAJ21*01","TRBV20-1*01","CSARAGIREGFYNEQFF","TRBJ2-1*01"
"decoy_GILGFVFTL_35","TRAV1-2*01","CAVRSSGGSYIPTF","TRAJ6*01","TRBV24-1*01","CATSDGRMVSYNEQFF","TRBJ2-1*01"
"decoy_GILGFVFTL_36","TRAV16*01","CALSDTNTGNQFYF","TRAJ49*01","TRBV4-1*01","CASSQEKGTAVPNSPLHF","TRBJ1-6*01"
"decoy_GILGFVFTL_37","TRAV13-1*01","CAAMETSYDKVIF","TRAJ50*01","TRBV5-4*01","CASSLADEQFF","TRBJ2-1*01"
"decoy_GILGFVFTL_38","TRAV1-2*01","CAVMDSNYQLIW","TRAJ33*01","TRBV20-1*01","CSAPTRVLAGCTDTQYF","TRBJ2-3*01"
"decoy_GILGFVFTL_39","TRAV13-1*01","CAASQPGRRALTF","TRAJ5*01","TRBV11-2*01","CASSLGGSEAFF","TRBJ1-1*01"
"decoy_GILGFVFTL_40","TRAV10*01","CVVSAVDSNYQLIW","TRAJ33*01","TRBV9*01","CASSDGGGGTEAFF","TRBJ1-1*01"
"decoy_GILGFVFTL_41","TRAV1-2*01","CAVMDSNYQLIW","TRAJ33*01","TRBV6-1*01","CASSALDGQGDTQYF","TRBJ2-3*01"
"decoy_GILGFVFTL_42","TRAV16*01","CALSVENTDKLIF","TRAJ34*01","TRBV19*01","CASSYGGGADEQFF","TRBJ2-1*01"
"decoy_GILGFVFTL_43","TRAV14/DV4*01","CAMREGPNTGNQFYF","TRAJ49*01","TRBV10-1*01","CASSRDASSYEQYF","TRBJ2-7*01"
"decoy_GILGFVFTL_44","TRAV8-2*01","CVVSEYGGTSYGKLTF","TRAJ52*01","TRBV27*01","CASRPGQLSEQYF","TRBJ2-7*01"
"decoy_GILGFVFTL_45","TRAV26-2*01","CILRDVDSGGSNYKLTF","TRAJ53*01","TRBV9*01","CASSTGNQPQHF","TRBJ1-5*01"
"decoy_GILGFVFTL_46","TRAV41*01","CAVRSNFGNEKLTF","TRAJ48*01","TRBV7-8*01","CASSLILAGLNQPQHF","TRBJ1-5*01"
"decoy_GILGFVFTL_47","TRAV12-2*01","CAVFSNAGKSTF","TRAJ27*01","TRBV5-6*01","CASSLRDGSEAFF","TRBJ1-1*01"
"decoy_GILGFVFTL_48","TRAV29/DV5*01","CAASGDFGNEKLTF","TRAJ48*01","TRBV4-1*01","CASTQKLGIYGYTF","TRBJ1-2*01"
"decoy_GILGFVFTL_49","TRAV12-3*01","CAMPRGTSYGKLTF","TRAJ52*01","TRBV20-1*01","CSARDFNSGGSNYNEQFF","TRBJ2-1*01"
"decoy_GILGFVFTL_50","TRAV12-2*01","CAVSNNARLMF","TRAJ31*01","TRBV20-1*01","CSASLLSYNEQFF","TRBJ2-1*01"
"decoy_GLCTLVAML_1","TRAV27*01","CAGDGGGGSQGNLIF","TRAJ42*01","TRBV19*01","CASSFGSTDTQYF","TRBJ2-3*01"
"decoy_GLCTLVAML_2","TRAV9-2*01","CAPSWNYGGSQGNLIF","TRAJ42*01","TRBV7-8*01","CASSDGQGTRDIQYF","TRBJ2-4*01"
"decoy_GLCTLVAML_3","TRAV8-3*01","CAVGEGGKLIF","TRAJ23*01","TRBV5-4*01","CASSWGDTQYF","TRBJ2-3*01"
"decoy_GLCTLVAML_4","TRAV1-2*01","CAVLDSNYQLIW","TRAJ33*01","TRBV20-1*01","CSARDLDSLTNGYTF","TRBJ1-2*01"
"decoy_GLCTLVAML_5","TRAV17*01","CATARGADGLTF","TRAJ45*01","TRBV5-1*01","CASSLAGGRTGDYGYTF","TRBJ1-2*01"
"decoy_GLCTLVAML_6","TRAV13-2*01","CAETVNTGGFKTIF","TRAJ9*01","TRBV5-1*01","CASSLGTDYEQYF","TRBJ2-7*01"
"decoy_GLCTLVAML_7","TRAV38-2/DV8*01","CAYRSSVYNNAGNMLTF","TRAJ39*01","TRBV4-2*01","CASSQNSVGSYNEQFF","TRBJ2-1*01"
"decoy_GLCTLVAML_8","TRAV3*01","CAVRDPVDRGSTLGRLYF","TRAJ18*01","TRBV20-1*01","CSAYRVMSHEQYF","TRBJ2-7*01"
"decoy_GLCTLVAML_9","TRAV9-2*01","CALGDSNDYKLSF","TRAJ20*01","TRBV7-2*01","CASSLSSQNNEKLFF","TRBJ1-4*01"
"decoy_GLCTLVAML_10","TRAV1-1*01","CAGGGNTGKLIF","TRAJ37*01","TRBV19*01","CASSSLSGGRAFGELFF","TRBJ2-2*01"
"decoy_GLCTLVAML_11","TRAV25*01","CAEKTSYDKVIF","TRAJ50*01","TRBV19*01","CASSIGGNTEAFF","TRBJ1-1*01"
"decoy_GLCTLVAML_12","TRAV1-2*01","CAVREGARLMF","TRAJ31*01","TRBV7-9*01","CASSITESGKGNTIYF","TRBJ1-3*01"
"decoy_GLCTLVAML_13","TRAV35*01","CAGQEGNTGFQKLVF","TRAJ8*01","TRBV7-9*01","CASSLALGGFDEKLFF","TRBJ1-4*01"
"decoy_GLCTLVAML_14","TRAV19*01","CALSEAIHNDYKLSF","TRAJ20*01","TRBV19*01","CASSILGARAGEKLFF","TRBJ1-4*01"
"decoy_GLCTLVAML_15","TRAV38-1*01","CASFGGATNKLIF","TRAJ32*01","TRBV3-1*01","CASSQGHGLPYEQYF","TRBJ2-7*01"
"decoy_GLCTLVAML_16","TRAV20*01","CAVRAGAGSYQLTF","TRAJ28*01","TRBV11-2*01","CASSLGTLATSETQYF","TRBJ2-5*01"
"decoy_GLCTLVAML_17","TRAV12-1*01","CVVPTSGSARQLTF","TRAJ22*01","TRBV5-5*01","CASSQRGLAENEQFF","TRBJ2-1*01"
"decoy_GLCTLVAML_18","TRAV36/DV7*01","CAVEEYSGAGSYQLTF","TRAJ28*01","TRBV6-5*01","CASSYSRGYNSPLHF","TRBJ1-6*01"
"decoy_GLCTLVAML_19","TRAV4*01","CLVGDRGGGGFKTIF","TRAJ9*01","TRBV19*01","CASSIDRETSTDTQYF","TRBJ2-3*01"
"decoy_GLCTLVAML_20","TRAV12-1*01","CVVNRGGYSTLTF","TRAJ11*01","TRBV7-2*01","CASSLPDLQETQYF","TRBJ2-5*01"
"decoy_GLCTLVAML_21","TRAV4*01","CLAGGGADGLTF","TRAJ45*01","TRBV12-4*01","CASSQGTGTQYF","TRBJ2-5*01"
"decoy_GLCTLVAML_22","TRAV8-6*01","CAAEYNQGGKLIF","TRAJ23*01","TRBV7-6*01","CASSPSPGQELYF","TRBJ1-2*01"
"decoy_GLCTLVAML_23","TRAV19*01","CALSGGENTGKLIF","TRAJ37*01","TRBV9*01","CASSVGGAGVSNEQFF","TRBJ2-1*01"
"decoy_GLCTLVAML_24","TRAV21*01","CAALNNAGNMLTF","TRAJ39*01","TRBV19*01","CASSIALASEQFF","TRBJ2-1*01"
"decoy_GLCTLVAML_25","TRAV23/DV6*01","CAASPRDQPLSGAGSYQLTF","TRAJ28*01","TRBV19*01","CASSIHSGNQPQHF","TRBJ1-5*01"
"decoy_GLCTLVAML_26","TRAV19*01","CALSENNNAGNMLTF","TRAJ39*01","TRBV7-2*01","CASREGLGNNQPQHF","TRBJ1-5*01"
"decoy_GLCTLVAML_27","TRAV8-4*01","CAVYQGGKLIF","TRAJ23*01","TRBV29-1*01","CSVTGTGLLSETQYF","TRBJ2-5*01"
"decoy_GLCTLVAML_28","TRAV1-2*01","CAGLNDYKLSF","TRAJ20*01","TRBV6-6*01","CASTGADTQYF","TRBJ2-3*01"
"decoy_GLCTLVAML_29","TRAV4*01","CLVGDISNYQLIW","TRAJ33*01","TRBV13*01","CASSFGTSSSGANVLTF","TRBJ2-6*01"
"decoy_GLCTLVAML_30","TRAV25*01","CAGPVGGYQKVTF","TRAJ13*01","TRBV27*01","CASSLSNEGHTGYDYGYTF","TRBJ1-2*01"
"decoy_GLCTLVAML_31","TRAV17*01","CATDGGGAQKLVF","TRAJ54*01","TRBV7-9*01","CASSSSLAGDQPQHF","TRBJ1-5*01"
"decoy_GLCTLVAML_32","TRAV12-2*01","CAGTDKLIF","TRAJ34*01","TRBV27*01","CASSPGQGVSYEQYF","TRBJ2-7*01"
"decoy_GLCTLVAML_33","TRAV38-1*01","CAFMINAGGTSYGKLTF","TRAJ52*01","TRBV6-4*01","CASSDSYLEGGYTF","TRBJ1-2*01"
"decoy_GLCTLVAML_34","TRAV21*01","CAVKANYGQNFVF","TRAJ26*01","TRBV5-4*01","CASSLVQGGPLVEQFF","TRBJ2-1*01"
"decoy_GLCTLVAML_35","TRAV17*01","CATDASGGSNYKLTF","TRAJ53*01","TRBV28*01","CASSKGLAGLDEQFF","TRBJ2-1*01"
"decoy_GLCTLVAML_36","TRAV12-2*01","CAVSDYKLSF","TRAJ20*01","TRBV29-1*01","CSVGGGGAGVETQYF","TRBJ2-5*01"
"decoy_GLCTLVAML_37","TRAV5*01","CAEKLINDYKLSF","TRAJ20*01","TRBV20-1*01","CSAASGRFQNTEAFF","TRBJ1-1*01"
"decoy_GLCTLVAML_38","TRAV8-3*01","CAVTRDDKIIF","TRAJ30*01","TRBV11-2*01","CASSWGGGSHYGYTF","TRBJ1-2*01"
"decoy_GLCTLVAML_39","TRAV3*01","CAVRDGDYGQNFVF","TRAJ26*01","TRBV2*01","CASSGRDRYYEQYF","TRBJ2-7*01"
"decoy_GLCTLVAML_40","TRAV8-3*01","CAVGGSQGNLIF","TRAJ42*01","TRBV19*01","CASSIRSGIEQFF","TRBJ2-1*01"
"decoy_GLCTLVAML_41","TRAV8-2*01","CVVTERGGADGLTF","TRAJ45*01","TRBV7-9*01","CASSPGTPNTQYF","TRBJ2-3*01"
"decoy_GLCTLVAML_42","TRAV8-2*01","CVVSDGGGADGLTF","TRAJ45*01","TRBV7-3*01","CASSPTGDGNYGYTF","TRBJ1-2*01"
"decoy_GLCTLVAML_43","TRAV27*01","CAGGTGGGSQGNLIF","TRAJ42*01","TRBV19*01","CASSIRASYEQYF","TRBJ2-7*01"
"decoy_GLCTLVAML_44","TRAV8-4*01","CAVTPMISNSGYALNF","TRAJ41*01","TRBV5-4*01","CASSLGETEAFF","TRBJ1-1*01"
"decoy_GLCTLVAML_45","TRAV35*01","CAGLNQGAQKLVF","TRAJ54*01","TRBV7-9*01","CASSPDDRESSYNEQFF","TRBJ2-1*01"
"decoy_GLCTLVAML_46","TRAV26-2*01","CILRDSSGGADGLTF","TRAJ45*01","TRBV28*01","CASSLPYPGVGAFF","TRBJ1-1*01"
"decoy_GLCTLVAML_47","TRAV12-2*01","CAVNVGYGQNFVF","TRAJ26*01","TRBV27*01","CASSLSTGVPYEQYF","TRBJ2-7*01"
"decoy_GLCTLVAML_48","TRAV12-1*01","CCVAWGGYSSASKIIFGF","TRAJ3*01","TRBV27*01","CCASSVVGDEQYFGF","TRBJ2-7*01"
"decoy_GLCTLVAML_49","TRAV21*01","CAVRCRWSSYKLIF","TRAJ12*01","TRBV7-2*01","CASSLKGLPQEGDEQFF","TRBJ2-1*01"
"decoy_GLCTLVAML_50","TRAV12-3*01","CAMRGQDAGGTSYGKLTF","TRAJ52*01","TRBV19*01","CASSVYSNQPQHF","TRBJ1-5*01"
"decoy_NLVPMVATV_1","TRAV4*01","CLVGGWVSGGSYIPTF","TRAJ6*01","TRBV2*01","CASKTGGAAKNIQYF","TRBJ2-4*01"
"decoy_NLVPMVATV_2","TRAV1-1*01","CAVNNAGKSTF","TRAJ27*01","TRBV30*01","CAWTPSGRANNEQFF","TRBJ2-1*01"
"decoy_NLVPMVATV_3","TRAV19*01","CALREPLYNNNDMRF","TRAJ43*01","TRBV9*01","CASSVDGYEQFF","TRBJ2-1*01"
"decoy_NLVPMVATV_4","TRAV20*01","CAVRTNNNARLMF","TRAJ31*01","TRBV13*01","CASRSQEGAEAFF","TRBJ1-1*01"
"decoy_NLVPMVATV_5","TRAV6*01","CALDIGGGSQGNLIF","TRAJ42*01","TRBV19*01","CASSMRSTDTQYF","TRBJ2-3*01"
"decoy_NLVPMVATV_6","TRAV14/DV4*01","CAMRASIGSASKIIF","TRAJ3*01","TRBV6-6*01","CASSSLSRTGGLGTEAFF","TRBJ1-1*01"
"decoy_NLVPMVATV_7","TRAV27*01","CAGDSGQAGTALIF","TRAJ15*01","TRBV19*01","CASSINLGLAGVWSYNEQFF","TRBJ2-1*01"
"decoy_NLVPMVATV_8","TRAV23/DV6*01","CAASGRDNYGQNFVF","TRAJ26*01","TRBV9*01","CASSVSDGGYNEQFF","TRBJ2-1*01"
"decoy_NLVPMVATV_9","TRAV8-3*01","CAALISNAGGTSYGKLTF","TRAJ52*01","TRBV3-1*01","CASSQDSSLTSGSSTDTQYF","TRBJ2-3*01"
"decoy_NLVPMVATV_10","TRAV5*01","CAEYSSASKIIF","TRAJ3*01","TRBV14*01","CASSQSPGGTQFF","TRBJ2-1*01"
"decoy_NLVPMVATV_11","TRAV13-2*01","CAENIDSGGSNYKLTF","TRAJ53*01","TRBV4-1*01","CASSQAPARNTEAFF","TRBJ1-1*01"
"decoy_NLVPMVATV_12","TRAV17*01","CATDSGYSSASKIIF","TRAJ3*01","TRBV27*01","CASSPGQTSNQPQHF","TRBJ1-5*01"
"decoy_NLVPMVATV_13","TRAV1-2*01","CAAGALNTNAGKSTF","TRAJ27*01","TRBV27*01","CASSFPGGQGYNEQFF","TRBJ2-1*01"
"decoy_NLVPMVATV_14","TRAV12-2*01","CAVNTPPGDSNYQLIW","TRAJ33*01","TRBV19*01","CASAFYSNQPQHF","TRBJ1-5*01"
"decoy_NLVPMVATV_15","TRAV6*01","CALELLTGNTGGFKTIF","TRAJ9*01","TRBV27*01","CASSLWQGGQPQHF","TRBJ1-5*01"
"decoy_NLVPMVATV_16","TRAV27*01","CAGAYGGSQGNLIF","TRAJ42*01","TRBV19*01","CASSARSSSEAFF","TRBJ1-1*01"
"decoy_NLVPMVATV_17","TRAV29/DV5*01","CAASVMAGGGADGLTF","TRAJ45*01","TRBV7-2*01","CASSWTGMNTEAFF","TRBJ1-1*01"
"decoy_NLVPMVATV_18","TRAV17*01","CATVLYNQGGKLIF","TRAJ23*01","TRBV24-1*01","CATSEGTGGYNEQFF","TRBJ2-1*01"
"decoy_NLVPMVATV_19","TRAV27*01","CAGNYGGSQGNLIF","TRAJ42*01","TRBV19*01","CASSSRASYEQYF","TRBJ2-7*01"
"decoy_NLVPMVATV_20","TRAV27*01","CAGVGGASGGGADGLTF","TRAJ45*01","TRBV5-8*01","CASSFGWYEQFF","TRBJ2-1*01"
"decoy_NLVPMVATV_21","TRAV38-1*01","CAFTLAPSGTYKYIF","TRAJ40*01","TRBV7-9*01","CASSLGEDSSLKREPLHF","TRBJ1-6*01"
"decoy_NLVPMVATV_22","TRAV12-3*01","CAMSGSGGSNYKLTF","TRAJ53*01","TRBV20-1*01","CSARVSPEGGPENYGYTF","TRBJ1-2*01"
"decoy_NLVPMVATV_23","TRAV24*01","CASGNFGNEKLTF","TRAJ48*01","TRBV27*01","CASSPGGGVYGYTF","TRBJ1-2*01"
"decoy_NLVPMVATV_24","TRAV14/DV4*01","CAMREDLFDTGNQFYF","TRAJ49*01","TRBV19*01","CASSAPYWQEVNIQYF","TRBJ2-4*01"
"decoy_NLVPMVATV_25","TRAV13-2*01","CAENTGTASKLTF","TRAJ44*01","TRBV9*01","CASSGQGSETQYF","TRBJ2-5*01"
"decoy_NLVPMVATV_26","TRAV1-2*01","CAVRPGYALNF","TRAJ41*01","TRBV9*01","CASSVEAGLSYTF","TRBJ1-2*01"
"decoy_NLVPMVATV_27","TRAV38-2/DV8*01","CAYGEDDKIIF","TRAJ30*01","TRBV25-1*01","CASRRGPYEQYF","TRBJ2-7*01"
"decoy_NLVPMVATV_28","TRAV14/DV4*01","CAMRGSNDYKLSF","TRAJ20*01","TRBV15*01","CATSREEGDGYTF","TRBJ1-2*01"
"decoy_NLVPMVATV_29","TRAV19*01","CALSGVVVDSNYQLIW","TRAJ33*01","TRBV7-9*01","CASSGGQLTDTQYF","TRBJ2-3*01"
"decoy_NLVPMVATV_30","TRAV41*01","CAVKDYGGSQGNLIF","TRAJ42*01","TRBV4-1*01","CASSQDLGSNQPQHF","TRBJ1-5*01"
"decoy_NLVPMVATV_31","TRAV8-3*01","CAVGAGYGGSQGNLIF","TRAJ42*01","TRBV19*01","CASREQGTHSNQPQHF","TRBJ1-5*01"
"decoy_NLVPMVATV_32","TRAV13-2*01","CAETLTGNTPLVF","TRAJ29*01","TRBV4-1*01","CASSQVRGSYEQYF","TRBJ2-7*01"
"decoy_NLVPMVATV_33","TRAV19*01","CALSEALGGRRALTF","TRAJ5*01","TRBV11-2*01","CASSLFQGSGTEAFF","TRBJ1-1*01"
"decoy_NLVPMVATV_34","TRAV1-1*01","CAVKSNYGQNFVF","TRAJ26*01","TRBV20-1*01","CSARGPRGGNTEAFF","TRBJ1-1*01"
"decoy_NLVPMVATV_35","TRAV12-2*01","CAGGDSNYQLIW","TRAJ33*01","TRBV9*01","CASSLTSGNTGELFF","TRBJ2-2*01"
"decoy_NLVPMVATV_36","TRAV12-3*01","CAMSRLEGDKLIF","TRAJ34*01","TRBV14*01","CASSQVPGQGPNYGYTF","TRBJ1-2*01"
"decoy_NLVPMVATV_37","TRAV1-2*01","CAPISYSGAGSYQLTF","TRAJ28*01","TRBV9*01","CASSGGGTNSPLHF","TRBJ1-6*01"
"decoy_NLVPMVATV_38","TRAV20*01","CAVHRPDYNNDMRF","TRAJ43*01","TRBV4-3*01","CASSQDRGGTEAFF","TRBJ1-1*01"
"decoy_NLVPMVATV_39","TRAV3*01","CAVRSYGQNFVF","TRAJ26*01","TRBV20-1*01","CSASTSGGSSYNEQFF","TRBJ2-1*01"
"decoy_NLVPMVATV_40","TRAV20*01","CAVHSLDTGRRALTF","TRAJ5*01","TRBV7-9*01","CASSLADASTNEKLFF","TRBJ1-4*01"
"decoy_NLVPMVATV_41","TRAV12-2*01","CAPIGGGNKLTF","TRAJ10*01","TRBV28*01","CASSLPTANYGYTF","TRBJ1-2*01"
"decoy_NLVPMVATV_42","TRAV13-2*01","CAENMGGGGNKLTF","TRAJ10*01","TRBV4-1*01","CASSQDRNTDTQYF","TRBJ2-3*01"
"decoy_NLVPMVATV_43","TRAV8-1*01","CAVVFAGNTPLVF","TRAJ29*01","TRBV11-2*01","CASSLGSTEAFF","TRBJ1-1*01"
"decoy_NLVPMVATV_44","TRAV27*01","CAGGGSQGNLIF","TRAJ42*01","TRBV29-1*01","CSAARTGGNEKLFF","TRBJ1-4*01"
"decoy_NLVPMVATV_45","TRAV21*01","CAPPRGGGADGLTF","TRAJ45*01","TRBV28*01","CASSFDSGGLGAQYF","TRBJ2-5*01"
"decoy_NLVPMVATV_46","TRAV8-3*01","CAVGASGGSQGNLIF","TRAJ42*01","TRBV19*01","CASSKRASVEQYF","TRBJ2-7*01"
"decoy_NLVPMVATV_47","TRAV27*01","CAGAHGSSNTGKLIF","TRAJ37*01","TRBV20-1*01","CSARRQRSTDTQYF","TRBJ2-3*01"
"decoy_NLVPMVATV_48","TRAV8-6*01","CAVSRGADGLTF","TRAJ45*01","TRBV20-1*01","CSARDSRFTYEQYF","TRBJ2-7*01"
"decoy_NLVPMVATV_49","TRAV29/DV5*01","CAASGVGQGAQKLVF","TRAJ54*01","TRBV5-6*01","CASSQNSPLHF","TRBJ1-6*01"
"decoy_NLVPMVATV_50","TRAV13-1*01","CAASGSASKIIF","TRAJ3*01","TRBV9*01","CASSVGGPSTDTQYF","TRBJ2-3*01"
"decoy_RPIIRPATL_1","TRAV14/DV4*01","CAMREVTQGAQKLVF","TRAJ54*01","TRBV7-9*01","CASALRDGSYEQYF","TRBJ2-7*01"
"decoy_RPIIRPATL_2","TRAV12-3*01","CAMSYTGNQFYF","TRAJ49*01","TRBV7-6*01","CASSPGGDEQFF","TRBJ2-1*01"
"decoy_RPIIRPATL_3","TRAV12-2*01","CAVWRADKLIF","TRAJ34*01","TRBV20-1*01","CSARDKLGIPEAFF","TRBJ1-1*01"
"decoy_RPIIRPATL_4","TRAV19*01","CALSEAKNNNARLMF","TRAJ31*01","TRBV19*01","CASSIFQAPSYEQYF","TRBJ2-7*01"
"decoy_RPIIRPATL_5","TRAV26-1*01","CIVRVLDSYGKLTF","TRAJ52*01","TRBV6-5*01","CASSYGRQETQYF","TRBJ2-5*01"
"decoy_RPIIRPATL_6","TRAV30*01","CGSASKIIF","TRAJ3*01","TRBV10-3*01","CAISESRTPGTDTQYF","TRBJ2-3*01"
"decoy_RPIIRPATL_7","TRAV26-2*01","CIWTGTASKLTF","TRAJ44*01","TRBV12-3*01","CASSSANYGYTF","TRBJ1-2*01"
"decoy_RPIIRPATL_8","TRAV34*01","CGAVSLNTGNQFYF","TRAJ49*01","TRBV18*01","CASSPGTSGIEQFF","TRBJ2-1*01"
"decoy_RPIIRPATL_9","TRAV12-3*01","CAMSAGGTSYGKLTF","TRAJ52*01","TRBV25-1*01","CASSEYKQGVTYEQYF","TRBJ2-7*01"
"decoy_RPIIRPATL_10","TRAV10*01","CVLHTGANSKLTF","TRAJ56*01","TRBV25-1*01","CASSQGDTEAFF","TRBJ1-1*01"
"decoy_RPIIRPATL_11","TRAV41*01","CAGSQGNLIF","TRAJ42*01","TRBV28*01","CASSLYRGGTEAFF","TRBJ1-1*01"
"decoy_RPIIRPATL_12","TRAV14/DV4*01","CAMRELNYGGSQGNLIF","TRAJ42*01","TRBV4-3*01","CASSQDASGPYNEQFF","TRBJ2-1*01"
"decoy_RPIIRPATL_13","TRAV38-1*01","CAFMDYYNTDKLIF","TRAJ34*01","TRBV19*01","CASTLTSGSYFSYNEQFF","TRBJ2-1*01"
"decoy_RPIIRPATL_14","TRAV19*01","CALSGQGGSEKLVF","TRAJ57*01","TRBV25-1*01","CASSQTGFGNQPQHF","TRBJ1-5*01"
"decoy_RPIIRPATL_15","TRAV14/DV4*01","CAMRGRNTGNQFYF","TRAJ49*01","TRBV7-9*01","CASSLGGSNQPQHF","TRBJ1-5*01"
"decoy_RPIIRPATL_16","TRAV8-6*01","CAVSDSSGSARQLTF","TRAJ22*01","TRBV6-5*01","CASALTGPRGYTF","TRBJ1-2*01"
"decoy_RPIIRPATL_17","TRAV24*01","CASPFYTDKLIF","TRAJ34*01","TRBV7-8*01","CASSLDTSSYNEQFF","TRBJ2-1*01"
"decoy_RPIIRPATL_18","TRAV38-1*01","CAFGRGAQKLVF","TRAJ54*01","TRBV5-5*01","CATRIGWGTDTQYF","TRBJ2-3*01"
"decoy_RPIIRPATL_19","TRAV12-3*01","CAIGPGNMLTF","TRAJ39*01","TRBV24-1*01","CATSQIPGTSGSSDTQYF","TRBJ2-3*01"
"decoy_RPIIRPATL_20","TRAV17*01","CATAGADSGGGADGLTF","TRAJ45*01","TRBV6-6*01","CASSYSGAAETSRNEQFF","TRBJ2-1*01"
"decoy_RPIIRPATL_21","TRAV26-1*01","CIVRGADQGAQKLVF","TRAJ54*01","TRBV12-4*01","CASSMTEQNIQYF","TRBJ2-4*01"
"decoy_RPIIRPATL_22","TRAV1-2*01","CAVKNSNYQLIW","TRAJ33*01","TRBV6-4*01","CASSDSGEGANVLTF","TRBJ2-6*01"
"decoy_RPIIRPATL_23","TRAV12-2*01","CAVSGGYNKLIF","TRAJ4*01","TRBV6-5*01","CASSYGGVGAYEQYF","TRBJ2-7*01"
"decoy_RPIIRPATL_24","TRAV20*01","CAVPTLRGGTYKYIF","TRAJ40*01","TRBV29-1*01","CSVLRTGGLDEQFF","TRBJ2-1*01"
"decoy_RPIIRPATL_25","TRAV39*01","CAVVPSGGYQKVTF","TRAJ13*01","TRBV9*01","CASSVGAGSGQPQHF","TRBJ1-5*01"
"decoy_RPIIRPATL_26","TRAV8-3*01","CAVGAGTGFQKLVF","TRAJ8*01","TRBV6-3*01","CASSNHLWGRNEQYF","TRBJ2-7*01"
"decoy_RPIIRPATL_27","TRAV12-2*01","CAVTGANNLFF","TRAJ36*01","TRBV9*01","CASSAGQGAYEQYF","TRBJ2-7*01"
"decoy_RPIIRPATL_28","TRAV21*01","CAVREYGNKLVF","TRAJ47*01","TRBV12-3*01","CASSWTSGSYEQYF","TRBJ2-7*01"
"decoy_RPIIRPATL_29","TRAV27*01","CAGAGPGSQGNLIF","TRAJ42*01","TRBV19*01","CASSIRSSYEQYF","TRBJ2-7*01"
"decoy_RPIIRPATL_30","TRAV8-3*01","CAVGAGTDKLIF","TRAJ34*01","TRBV7-9*01","CASSSYSRYEQYF","TRBJ2-7*01"
"decoy_RPIIRPATL_31","TRAV39*01","CAVDMDPRDDKIIF","TRAJ30*01","TRBV25-1*01","CASSDSGEPQHF","TRBJ1-5*01"
"decoy_RPIIRPATL_32","TRAV8-3*01","CAVIPGAGSYQLTF","TRAJ28*01","TRBV7-6*01","CASSPDRGREKLFF","TRBJ1-4*01"
"decoy_RPIIRPATL_33","TRAV8-2*01","CVVSEYGGTSYGKLTF","TRAJ52*01","TRBV27*01","CASRPGQLSEQYF","TRBJ2-7*01"
"decoy_RPIIRPATL_34","TRAV21*01","CAVRRSIIGGKLIF","TRAJ23*01","TRBV19*01","CASRHRAGRDWMDEKLFF","TRBJ1-4*01"
"decoy_RPIIRPATL_35","TRAV23/DV6*01","CAASSGTYKYIF","TRAJ40*01","TRBV7-8*01","CASSPEGPIYNEQFF","TRBJ2-1*01"
"decoy_RPIIRPATL_36","TRAV13-2*01","CAEIPGTGFQKLVF","TRAJ8*01","TRBV3-1*01","CASGWVAGGLDEQFF","TRBJ2-1*01"
"decoy_RPIIRPATL_37","TRAV13-1*01","CAAPYSSASKIIF","TRAJ3*01","TRBV7-8*01","CASSIGTSLARDTQYF","TRBJ2-3*01"
"decoy_RPIIRPATL_38","TRAV17*01","CARPQGAQKLVF","TRAJ54*01","TRBV11-3*01","CASSSNKLAGGPSGELFF","TRBJ2-2*01"
"decoy_RPIIRPATL_39","TRAV22*01","CAVGGRDDKIIF","TRAJ30*01","TRBV12-4*01","CASRLWAGTEAFF","TRBJ1-1*01"
"decoy_RPIIRPATL_40","TRAV29/DV5*01","CAANNDNFNKFYF","TRAJ21*01","TRBV13*01","CASSGGGVDEKLFF","TRBJ1-4*01"
"decoy_RPIIRPATL_41","TRAV19*01","CALSEAFSQGGSEKLVF","TRAJ57*01","TRBV9*01","CASSDLSHSGRADTQYF","TRBJ2-3*01"
"decoy_RPIIRPATL_42","TRAV19*01","CALSGRAGNMLTF","TRAJ39*01","TRBV7-9*01","CASSLVLLGDYGYTF","TRBJ1-2*01"
"decoy_RPIIRPATL_43","TRAV12-3*01","CATRDDKIIF","TRAJ30*01","TRBV12-4*01","CASSPGTPYEQYF","TRBJ2-7*01"
"decoy_RPIIRPATL_44","TRAV19*01","CALPSQGNLIF","TRAJ42*01","TRBV5-6*01","CASSGWDSANSPLHF","TRBJ1-6*01"
"decoy_RPIIRPATL_45","TRAV29/DV5*01","CAASHNFNKFYF","TRAJ21*01","TRBV12-3*01","CASSQKPGQDHYEQYF","TRBJ2-7*01"
"decoy_RPIIRPATL_46","TRAV27*01","CAGADGGGSQGNLIF","TRAJ42*01","TRBV19*01","CASSIRSGYEQYF","TRBJ2-7*01"
"decoy_RPIIRPATL_47","TRAV4*01","CLVGDIDNNARLMF","TRAJ31*01","TRBV7-2*01","CASSRGRGGYQPQHF","TRBJ1-5*01"
"decoy_RPIIRPATL_48","TRAV13-2*01","CADSGGGADGLTF","TRAJ45*01","TRBV4-1*01","CASSQGSAGGNEQFF","TRBJ2-1*01"
"decoy_RPIIRPATL_49","TRAV38-2/DV8*01","CAYRDEGNKLVF","TRAJ47*01","TRBV27*01","CASSSRTESPHQPQHF","TRBJ1-5*01"
"decoy_RPIIRPATL_50","TRAV24*01","CAFIGDAGGTSYGKLTF","TRAJ52*01","TRBV12-5*01","CASGLDGLAALGPYNEQFF","TRBJ2-1*01"
"decoy_YLQPRTFLL_1","TRAV38-1*01","CAFMSLIQGAQKLVF","TRAJ54*01","TRBV7-8*01","CASSLGYGYTF","TRBJ1-2*01"
"decoy_YLQPRTFLL_2","TRAV4*01","CLVGSYNQGGKLIF","TRAJ23*01","TRBV10-3*01","CAISEFRDDQETQYF","TRBJ2-5*01"
"decoy_YLQPRTFLL_3","TRAV8-6*01","CAVSDPESSGSARQLTF","TRAJ22*01","TRBV14*01","CASSYRQNYGYTF","TRBJ1-2*01"
"decoy_YLQPRTFLL_4","TRAV1-2*01","CAVRSEMDSSYKLIF","TRAJ12*01","TRBV6-2*01","CASSYSLQPNQPQHF","TRBJ1-5*01"
"decoy_YLQPRTFLL_5","TRAV8-3*01","CAALDRGSTLGRLYF","TRAJ18*01","TRBV19*01","CATAPLSINEQFF","TRBJ2-1*01"
"decoy_YLQPRTFLL_6","TRAV27*01","CAGWGTYKYIF","TRAJ40*01","TRBV19*01","CASSIGGAGYTF","TRBJ1-2*01"
"decoy_YLQPRTFLL_7","TRAV38-1*01","CAFMKGAGGTSYGKLTF","TRAJ52*01","TRBV6-1*01","CASSEEAGEYNEQFF","TRBJ2-1*01"
"decoy_YLQPRTFLL_8","TRAV17*01","CASPHQKVTF","TRAJ13*01","TRBV19*01","CASSQRSTDTQYF","TRBJ2-3*01"
"decoy_YLQPRTFLL_9","TRAV14/DV4*01","CALLFLSGGSNYKLTF","TRAJ53*01","TRBV6-5*01","CASSNGGGRLYGYTF","TRBJ1-2*01"
"decoy_YLQPRTFLL_10","TRAV8-3*01","CAVGDNFNKFYF","TRAJ21*01","TRBV11-2*01","CASSSGTAAYEQYF","TRBJ2-7*01"
"decoy_YLQPRTFLL_11","TRAV19*01","CALSEAHGDDKIIF","TRAJ30*01","TRBV13*01","CASSSGGTGGPREQFF","TRBJ2-1*01"
"decoy_YLQPRTFLL_12","TRAV38-1*01","CAFMTNAGGTSYGKLTF","TRAJ52*01","TRBV19*01","CASSAGSYGYTF","TRBJ1-2*01"
"decoy_YLQPRTFLL_13","TRAV14/DV4*01","CAMREGSPIKAAGNKLTF","TRAJ17*01","TRBV20-1*01","CSARGGVAILNSNQPQHF","TRBJ1-5*01"
"decoy_YLQPRTFLL_14","TRAV13-1*01","CAAENSGYSTLTF","TRAJ11*01","TRBV24-1*01","CATGTSPNEKLFF","TRBJ1-4*01"
"decoy_YLQPRTFLL_15","TRAV3*01","CAVRDENARLMF","TRAJ31*01","TRBV4-3*01","CASSQGLAGSEQYF","TRBJ2-7*01"
"decoy_YLQPRTFLL_16","TRAV38-1*01","CAFMSSGGNTPLVF","TRAJ29*01","TRBV6-5*01","CASSYGERLHTGELFF","TRBJ2-2*01"
"decoy_YLQPRTFLL_17","TRAV4*01","CLVGDGTGTASKLTF","TRAJ44*01","TRBV12-4*01","CASSWGVGSTEAFF","TRBJ1-1*01"
"decoy_YLQPRTFLL_18","TRAV3*01","CAVRDGGMGSNTGKLIF","TRAJ37*01","TRBV14*01","CASSQSLNYGYTF","TRBJ1-2*01"
"decoy_YLQPRTFLL_19","TRAV19*01","CALSEGNTGNQFYF","TRAJ49*01","TRBV2*01","CASSERADRAAYEQYF","TRBJ2-7*01"
"decoy_YLQPRTFLL_20","TRAV19*01","CALSGAPSGTYKYIF","TRAJ40*01","TRBV29-1*01","CSVDHVPNEQFF","TRBJ2-1*01"
"decoy_YLQPRTFLL_21","TRAV14/DV4*01","CAMRRPSGGYNKLIF","TRAJ4*01","TRBV7-2*01","CASSLEPSYEQYF","TRBJ2-7*01"
"decoy_YLQPRTFLL_22","TRAV13-2*01","CADSGGGADGLTF","TRAJ45*01","TRBV13*01","CASSLRGSMNTEAFF","TRBJ1-1*01"
"decoy_YLQPRTFLL_23","TRAV3*01","CAPSAGGGSQGNLIF","TRAJ42*01","TRBV19*01","CASSVRSSYEQYF","TRBJ2-7*01"
"decoy_YLQPRTFLL_24","TRAV13-1*01","CAAGETSYDKVIF","TRAJ50*01","TRBV2*01","CASSTPRQGSNTGELFF","TRBJ2-2*01"
"decoy_YLQPRTFLL_25","TRAV8-3*01","CAVGPLETYKYIF","TRAJ40*01","TRBV27*01","CASRPLTGSLSGNTIYF","TRBJ1-3*01"
"decoy_YLQPRTFLL_26","TRAV24*01","CASVRRTGGGNKLTF","TRAJ10*01","TRBV4-3*01","CASSQGGKGEYLFNYGYTF","TRBJ1-2*01"
"decoy_YLQPRTFLL_27","TRAV12-1*01","CVVNARGVRSADKLIF","TRAJ34*01","TRBV4-1*01","CASSQTPNQPQHF","TRBJ1-5*01"
"decoy_YLQPRTFLL_28","TRAV29/DV5*01","CAASGGGGSQGNLIF","TRAJ42*01","TRBV19*01","CASSIRSSYEQYF","TRBJ2-7*01"
"decoy_YLQPRTFLL_29","TRAV12-2*01","CAVAGGTSYGKLTF","TRAJ52*01","TRBV5-5*01","CASSPPQRGTEAFF","TRBJ1-1*01"
"decoy_YLQPRTFLL_30","TRAV27*01","CAGAHGSSNTGKLIF","TRAJ37*01","TRBV19*01","CASSVRSSYEQYF","TRBJ2-7*01"
"decoy_YLQPRTFLL_31","TRAV12-2*01","CAVINARLMF","TRAJ31*01","TRBV20-1*01","CSAPTGGGLYNEQFF","TRBJ2-1*01"
"decoy_YLQPRTFLL_32","TRAV1-2*01","CAGLLDSNYQLIW","TRAJ33*01","TRBV7-9*01","CASMGQLSEAFF","TRBJ1-1*01"
"decoy_YLQPRTFLL_33","TRAV8-6*01","CAVRPQEKLVF","TRAJ54*01","TRBV12-4*01","CASSPMDTQYF","TRBJ2-3*01"
"decoy_YLQPRTFLL_34","TRAV4*01","CLVGPWGGSQGNLIF","TRAJ42*01","TRBV5-4*01","CASSIGQGGTGNTIYF","TRBJ1-3*01"
"decoy_YLQPRTFLL_35","TRAV38-2/DV8*01","CAYRRGRNAGGTSYGKLTF","TRAJ52*01","TRBV4-1*01","CASSQEGTGGRETQYF","TRBJ2-5*01"
"decoy_YLQPRTFLL_36","TRAV10*01","CVVSGNTGNQFYF","TRAJ49*01","TRBV7-6*01","CASSPGTSGLYEQYF","TRBJ2-7*01"
"decoy_YLQPRTFLL_37","TRAV16*01","CALTGNYGQNFVF","TRAJ26*01","TRBV19*01","CASSIRSSYEQYF","TRBJ2-7*01"
"decoy_YLQPRTFLL_38","TRAV5*01","CAENFGRGSQGNLIF","TRAJ42*01","TRBV20-1*01","CSARAGQGVDGYTF","TRBJ1-2*01"
"decoy_YLQPRTFLL_39","TRAV12-1*01","CVVNQGGKLIF","TRAJ23*01","TRBV7-2*01","CASSSDHRGGYTF","TRBJ1-2*01"
"decoy_YLQPRTFLL_40","TRAV27*01","CAGARSQGAQKLVF","TRAJ54*01","TRBV4-1*01","CASSQTVPGSGRYNEQFF","TRBJ2-1*01"
"decoy_YLQPRTFLL_41","TRAV8-4*01","CAVSDLAAGNKLTF","TRAJ17*01","TRBV2*01","CASSRDRSISGNTIYF","TRBJ1-3*01"
"decoy_YLQPRTFLL_42","TRAV10*01","CVVKSSNDYKLSF","TRAJ20*01","TRBV27*01","CASSDSAGLALNEQFF","TRBJ2-1*01"
"decoy_YLQPRTFLL_43","TRAV6*01","CAPRNTPLVF","TRAJ29*01","TRBV27*01","CASSLYGGQPQHF","TRBJ1-5*01"
"decoy_YLQPRTFLL_44","TRAV25*01","CAVAHGGSQGNLIF","TRAJ42*01","TRBV19*01","CASSGRSTDTQYF","TRBJ2-3*01"
"decoy_YLQPRTFLL_45","TRAV20*01","CAGGAGEYGNKLVF","TRAJ47*01","TRBV11-2*01","CASSDPPGDGNQPQHF","TRBJ1-5*01"
"decoy_YLQPRTFLL_46","TRAV22*01","CAVVQAAGNKLTF","TRAJ17*01","TRBV29-1*01","CSVEVGPLDYEQYF","TRBJ2-7*01"
"decoy_YLQPRTFLL_47","TRAV30*01","CGTSGAGSYQLTF","TRAJ28*01","TRBV19*01","CASSQRSTDTQYF","TRBJ2-3*01"
"decoy_YLQPRTFLL_48","TRAV1-2*01","CAVRDTSTGGSYIPTF","TRAJ6*01","TRBV4-2*01","CASSSRGGLAGDSTDTQYF","TRBJ2-3*01"
"decoy_YLQPRTFLL_49","TRAV3*01","CAVRDLLRSGGYNKLIF","TRAJ4*01","TRBV28*01","CASAQIGPYEQYF","TRBJ2-7*01"
"decoy_YLQPRTFLL_50","TRAV13-1*01","CAASGAGGYNKLIF","TRAJ4*01","TRBV4-1*01","CASSQGTGGTEAFF","TRBJ1-1*01"
"decoy_YVLDHLIVV_1","TRAV8-1*01","CAVIPINDYKLSF","TRAJ20*01","TRBV11-2*01","CASSLNAGDNEQFF","TRBJ2-1*01"
"decoy_YVLDHLIVV_2","TRAV8-1*01","CAVRSSGSARQLTF","TRAJ22*01","TRBV7-2*01","CASSHQARYDLFNEQFF","TRBJ2-1*01"
"decoy_YVLDHLIVV_3","TRAV12-2*01","CAVNTYGGSQGNLIF","TRAJ42*01","TRBV12-4*01","CASTQHRDSGEKLFF","TRBJ1-4*01"
"decoy_YVLDHLIVV_4","TRAV30*01","CGALSNFGNEKLTF","TRAJ48*01","TRBV27*01","CASSLSSGTEAFF","TRBJ1-1*01"
"decoy_YVLDHLIVV_5","TRAV14/DV4*01","CAMRGPYSSNTGKLIF","TRAJ37*01","TRBV5-4*01","CASSLPSSNYGYTF","TRBJ1-2*01"
"decoy_YVLDHLIVV_6","TRAV41*01","CAVLPNAGGTSYGKLTF","TRAJ52*01","TRBV27*01","CASSPAGQGNTEAFF","TRBJ1-1*01"
"decoy_YVLDHLIVV_7","TRAV22*01","CAVLGGSNYKLTF","TRAJ53*01","TRBV24-1*01","CATSVGRANEQFF","TRBJ2-1*01"
"decoy_YVLDHLIVV_8","TRAV4*01","CLCGDSNYQLIW","TRAJ33*01","TRBV12-5*01","CASGFGSGSGDEQFF","TRBJ2-1*01"
"decoy_YVLDHLIVV_9","TRAV8-6*01","CAVSDLKTGGFKTIF","TRAJ9*01","TRBV19*01","CASSKEKGSSQETQYF","TRBJ2-5*01"
"decoy_YVLDHLIVV_10","TRAV27*01","CASGGSQGNLIF","TRAJ42*01","TRBV19*01","CASSIRSSYEQYF","TRBJ2-7*01"
"decoy_YVLDHLIVV_11","TRAV26-1*01","CIVRVDHTGGFKTIF","TRAJ9*01","TRBV4-3*01","CASSQVVDWISNTGELFF","TRBJ2-2*01"
"decoy_YVLDHLIVV_12","TRAV13-1*01","CAATQNQAGTALIF","TRAJ15*01","TRBV10-3*01","CAIGDYTYEQYF","TRBJ2-7*01"
"decoy_YVLDHLIVV_13","TRAV13-1*01","CAASETSYDKVIF","TRAJ50*01","TRBV7-9*01","CASSQLGRGDNEQFF","TRBJ2-1*01"
"decoy_YVLDHLIVV_14","TRAV12-1*01","CVGTGGADGLTF","TRAJ45*01","TRBV11-2*01","CASSFAGSGYEQYF","TRBJ2-7*01"
"decoy_YVLDHLIVV_15","TRAV3*01","CAVRDRGSTLGRLYF","TRAJ18*01","TRBV7-9*01","CASSLALPSGGGNTDTQYF","TRBJ2-3*01"
"decoy_YVLDHLIVV_16","TRAV22*01","CAVVDDKIIF","TRAJ30*01","TRBV5-1*01","CASSLARGEQFF","TRBJ2-1*01"
"decoy_YVLDHLIVV_17","TRAV14/DV4*01","CAMRRPISSGSARQLTF","TRAJ22*01","TRBV29-1*01","CSVDLEANYGYTF","TRBJ1-2*01"
"decoy_YVLDHLIVV_18","TRAV36/DV7*01","CAVPNAGGTSYGKLTF","TRAJ52*01","TRBV27*01","CASSSRGGASRDTQYF","TRBJ2-3*01"
"decoy_YVLDHLIVV_19","TRAV38-2/DV8*01","CAYRTPYGGSQGNLIF","TRAJ42*01","TRBV20-1*01","CSARPRESSNQPQHF","TRBJ1-5*01"
"decoy_YVLDHLIVV_20","TRAV3*01","CAVRDPHSGGYQKVTF","TRAJ13*01","TRBV4-3*01","CASSQDRGTWEQYF","TRBJ2-7*01"
"decoy_YVLDHLIVV_21","TRAV3*01","CAVRDTSNDYKLSF","TRAJ20*01","TRBV27*01","CASSFGEGLDTQYF","TRBJ2-3*01"
"decoy_YVLDHLIVV_22","TRAV19*01","CALTDYGQNFVF","TRAJ26*01","TRBV20-1*01","CSGRGSGGIIYEQFF","TRBJ2-1*01"
"decoy_YVLDHLIVV_23","TRAV27*01","CAGPGSNTGKLIF","TRAJ37*01","TRBV19*01","CASSIRSSYEQYF","TRBJ2-7*01"
"decoy_YVLDHLIVV_24","TRAV27*01","CAGAQGSSNTGKLIF","TRAJ37*01","TRBV19*01","CASSIRSAYEQFF","TRBJ2-1*01"
"decoy_YVLDHLIVV_25","TRAV12-2*01","CAGAGSQGNLIF","TRAJ42*01","TRBV19*01","CASSIRSQTEQFF","TRBJ2-1*01"
"decoy_YVLDHLIVV_26","TRAV22*01","CAVVNPGNQFYF","TRAJ49*01","TRBV7-2*01","CASSSMAVEQFF","TRBJ2-1*01"
"decoy_YVLDHLIVV_27","TRAV21*01","CAVLYNQGGKLIF","TRAJ23*01","TRBV12-5*01","CASGFGANTWDTQYF","TRBJ2-3*01"
"decoy_YVLDHLIVV_28","TRAV3*01","CAVRDGGMGSNTGKLIF","TRAJ37*01","TRBV4-3*01","CASSQDHRMGGHEKLFF","TRBJ1-4*01"
"decoy_YVLDHLIVV_29","TRAV12-2*01","CAVRGGNNRLAF","TRAJ7*01","TRBV19*01","CASSIAWGQLNTEAFF","TRBJ1-1*01"
"decoy_YVLDHLIVV_30","TRAV8-6*01","CAVSGNAGNQFYF","TRAJ49*01","TRBV19*01","CASSIGLRGNQPQHF","TRBJ1-5*01"
"decoy_YVLDHLIVV_31","TRAV3*01","CAVRDLGDSSYKLIF","TRAJ12*01","TRBV28*01","CASTPGTSGAEQFF","TRBJ2-1*01"
"decoy_YVLDHLIVV_32","TRAV26-1*01","CIPISGGYNKLIF","TRAJ4*01","TRBV4-1*01","CASSQEGVGQGWSPLHF","TRBJ1-6*01"
"decoy_YVLDHLIVV_33","TRAV27*01","CAGYYTGNQFYF","TRAJ49*01","TRBV20-1*01","CSAREKTSARTDTQYF","TRBJ2-3*01"
"decoy_YVLDHLIVV_34","TRAV13-1*01","CAASPGNQFYF","TRAJ49*01","TRBV27*01","CASSLLPVNYGYTF","TRBJ1-2*01"
"decoy_YVLDHLIVV_35","TRAV8-2*01","CVVIDTGTASKLTF","TRAJ44*01","TRBV19*01","CASSIFGGTSNQPQHF","TRBJ1-5*01"
"decoy_YVLDHLIVV_36","TRAV12-2*01","CAVMDYGQNFVF","TRAJ26*01","TRBV11-2*01","CASSLGEGGGYGYTF","TRBJ1-2*01"
"decoy_YVLDHLIVV_37","TRAV12-2*01","CAVVDSNYQLIW","TRAJ33*01","TRBV20-1*01","CSARDLRVSTEAFF","TRBJ1-1*01"
"decoy_YVLDHLIVV_38","TRAV38-2/DV8*01","CASNTDKLIF","TRAJ34*01","TRBV15*01","CATSRAYQDTQYF","TRBJ2-3*01"
"decoy_YVLDHLIVV_39","TRAV12-3*01","CAMSTGGGNKLTF","TRAJ10*01","TRBV10-1*01","CASSGDSLEQYF","TRBJ2-7*01"
"decoy_YVLDHLIVV_40","TRAV17*01","CATDGGTGANSKLTF","TRAJ56*01","TRBV7-2*01","CASSSPCCSHSYNEQFF","TRBJ2-1*01"
"decoy_YVLDHLIVV_41","TRAV12-1*01","CVVNRDYRLSF","TRAJ20*01","TRBV11-2*01","CASSLARGTGELFF","TRBJ2-2*01"
"decoy_YVLDHLIVV_42","TRAV20*01","CAVRAGNQFYF","TRAJ49*01","TRBV4-3*01","CASSQGVAGGQGVNEQFF","TRBJ2-1*01"
"decoy_YVLDHLIVV_43","TRAV12-2*01","CAVSTGGGADGLTF","TRAJ45*01","TRBV6-5*01","CASTPGQGGSPLHF","TRBJ1-6*01"
"decoy_YVLDHLIVV_44","TRAV41*01","CAVRSYNNNDMRF","TRAJ43*01","TRBV6-6*01","CASSRREASGNTIYF","TRBJ1-3*01"
"decoy_YVLDHLIVV_45","TRAV13-1*01","CAALPSADYKLSF","TRAJ20*01","TRBV29-1*01","CSVDALLGAYTQYF","TRBJ2-3*01"
"decoy_YVLDHLIVV_46","TRAV1-2*01","CAVRDSNYQLIW","TRAJ33*01","TRBV11-3*01","CASSFEDMGGEQFF","TRBJ2-1*01"
"decoy_YVLDHLIVV_47","TRAV12-2*01","CAGALGGAGSYQLTF","TRAJ28*01","TRBV29-1*01","CSVLTGWPYEQYF","TRBJ2-7*01"
"decoy_YVLDHLIVV_48","TRAV12-2*01","CAVDSGNTPLVF","TRAJ29*01","TRBV4-1*01","CASSLLWAEYNEQFF","TRBJ2-1*01"
"decoy_YVLDHLIVV_49","TRAV27*01","CAGERASGTYKYIF","TRAJ40*01","TRBV7-9*01","CASSVSERELRNEQFF","TRBJ2-1*01"
"decoy_YVLDHLIVV_50","TRAV2*01","CAVETHNNARLMF","TRAJ31*01","TRBV3-1*01","CASSPPKGGENYGYTF","TRBJ1-2*01"
