"AV.gene","AJ.gene","BV.gene","BJ.gene","n"
"TRAV27","TRAJ42","TRBV19","TRBJ2-7",20
"TRAV27","TRAJ37","TRBV19","TRBJ2-7",13
"TRAV24","TRAJ49","TRBV6-5","TRBJ1-2",9
"TRAV8-3","TRAJ40","TRBV4-1","TRBJ2-7",9
"TRAV22","TRAJ28","TRBV6-2","TRBJ2-1",8
"TRAV17","TRAJ33","TRBV28","TRBJ1-4",7
"TRAV27","TRAJ42","TRBV19","TRBJ2-2",6
"TRAV12-3","TRAJ49","TRBV6-5","TRBJ1-2",5
"TRAV38-1","TRAJ52","TRBV19","TRBJ1-2",5
"TRAV38-2/DV8","TRAJ52","TRBV19","TRBJ1-2",5
"TRAV12-2","TRAJ24","TRBV6-5","TRBJ2-7",4
"TRAV13-1","TRAJ42","TRBV19","TRBJ2-5",4
"TRAV25","TRAJ42","TRBV19","TRBJ2-1",4
"TRAV25","TRAJ42","TRBV19","TRBJ2-3",4
"TRAV27","TRAJ42","TRBV19","TRBJ2-3",4
"TRAV27","TRAV27","TRBV19","TRBJ2-7",4
"TRAV29/DV5","TRAJ53","TRBV10-3","TRBJ1-2",4
"TRAV35","TRAJ42","TRBV19","TRBJ2-7",4
"TRAV35","TRAJ50","TRBV12-4","TRBJ1-2",4
"TRAV5","TRAJ31","TRBV20-1","TRBJ1-2",4
"TRAV5","TRAJ31","TRBV20-1","TRBJ1-3",4
"TRAV14/DV4","TRAJ53","TRBV19","TRBJ1-1",3
"TRAV17","TRAJ26","TRBV27","TRBJ2-1",3
"TRAV19","TRAJ4","TRBV4-1","TRBJ2-5",3
"TRAV25","TRAJ42","TRBV19","TRBJ1-5",3
"TRAV25","TRAJ53","TRBV3-1","TRBJ2-4",3
"TRAV27","TRAJ42","TRBV19","TRBJ2-1",3
"TRAV29/DV5","TRAJ42","TRBV19","TRBJ2-7",3
"TRAV3","TRAJ12","TRBV7-9","TRBJ2-7",3
"TRAV3","TRAJ42","TRBV19","TRBJ2-3",3
"TRAV30","TRAJ42","TRBV19","TRBJ2-3",3
"TRAV35","TRAJ42","TRBV19","TRBJ1-5",3
"TRAV4","TRAJ15","TRBV5-6","TRBJ1-2",3
"TRAV5","TRAJ37","TRBV29-1","TRBJ1-4",3
"TRAV8-6","TRAJ42","TRBV19","TRBJ2-7",3
"TRAV1-2","TRAJ10","TRBV27","TRBJ1-5",2
"TRAV1-2","TRAJ33","TRBV19","TRBJ2-6",2
"TRAV1-2","TRAJ6","TRBV10-3","TRBJ1-5",2
"TRAV12-1","TRAJ43","TRBV10-3","TRBJ2-2",2
"TRAV12-2","TRAJ27","TRBV30","TRBJ2-2",2
"TRAV12-2","TRAJ31","TRBV14","TRBJ2-7",2
"TRAV12-2","TRAJ33","TRBV9","TRBJ2-7",2
"TRAV12-2","TRAJ37","TRBV19","TRBJ2-7",2
"TRAV12-2","TRAJ41","TRBV5-6","TRBJ2-7",2
"TRAV12-2","TRAJ45","TRBV19","TRBJ2-2",2
"TRAV12-2","TRAJ45","TRBV24-1","TRBJ2-5",2
"TRAV12-2","TRAJ45","TRBV28","TRBJ2-7",2
"TRAV13-1","TRAJ44","TRBV29-1","TRBJ2-7",2
"TRAV13-1","TRAJ54","TRBV27","TRBJ1-1",2
"TRAV13-2","TRAJ42","TRBV19","TRBJ2-5",2
"TRAV17","TRAJ12","TRBV7-9","TRBJ2-7",2
"TRAV17","TRAJ20","TRBV27","TRBJ2-1",2
"TRAV17","TRAJ22","TRBV7-3","TRBJ2-2",2
"TRAV17","TRAJ26","TRBV6-5","TRBJ2-5",2
"TRAV17","TRAJ50","TRBV20-1","TRBJ2-4",2
"TRAV19","TRAJ13","TRBV3-1","TRBJ1-4",2
"TRAV19","TRAJ28","TRBV6-3","TRBJ1-6",2
"TRAV19","TRAJ30","TRBV28","TRBJ2-1",2
"TRAV19","TRAJ39","TRBV5-6","TRBJ2-1",2
"TRAV20","TRAJ53","TRBV9","TRBJ2-2",2
"TRAV21","TRAJ28","TRBV9","TRBJ2-3",2
"TRAV21","TRAJ6","TRBV6-5","TRBJ2-2",2
"TRAV22","TRAJ40","TRBV6-5","TRBJ1-1",2
"TRAV23/DV6","TRAJ33","TRBV19","TRBJ1-5",2
"TRAV24","TRAJ21","TRBV6-5","TRBJ1-2",2
"TRAV24","TRAJ43","TRBV27","TRBJ1-1",2
"TRAV24","TRAJ49","TRBV7-2","TRBJ2-5",2
"TRAV25","TRAJ42","TRBV19","TRBJ1-1",2
"TRAV26-2","TRAJ18","TRBV6-5","TRBJ1-2",2
"TRAV27","TRAJ28","TRBV10-3","TRBJ2-1",2
"TRAV27","TRAJ30","TRBV19","TRBJ2-7",2
"TRAV27","TRAJ42","TRBV19","TRBJ1-5",2
"TRAV29/DV5","TRAJ42","TRBV19","TRBJ2-3",2
"TRAV29/DV5","TRAJ53","TRBV19","TRBJ1-2",2
"TRAV3","TRAJ11","TRBV28","TRBJ2-1",2
"TRAV3","TRAJ30","TRBV27","TRBJ2-3",2
"TRAV3","TRAJ31","TRBV12-3","TRBJ1-1",2
"TRAV3","TRAJ31","TRBV12-4","TRBJ1-1",2
"TRAV3","TRAJ33","TRBV6-5","TRBJ2-3",2
"TRAV3","TRAJ36","TRBV19","TRBJ2-2",2
"TRAV3","TRAJ39","TRBV27","TRBJ2-7",2
"TRAV3","TRAJ40","TRBV27","TRBJ1-2",2
"TRAV3","TRAJ42","TRBV19","TRBJ2-7",2
"TRAV3","TRAJ5","TRBV5-6","TRBJ2-5",2
"TRAV35","TRAJ42","TRBV19","TRBJ2-1",2
"TRAV38-1","TRAJ53","TRBV27","TRBJ2-2",2
"TRAV38-2/DV8","TRAJ43","TRBV25-1","TRBJ2-5",2
"TRAV38-2/DV8","TRAJ43","TRBV27","TRBJ1-5",2
"TRAV38-2/DV8","TRAJ48","TRBV15","TRBJ1-6",2
"TRAV4","TRAJ11","TRBV19","TRBJ2-5",2
"TRAV4","TRAJ33","TRBV25-1","TRBJ1-5",2
"TRAV4","TRAJ33","TRBV9","TRBJ2-7",2
"TRAV4","TRAJ5","TRBV27","TRBJ2-5",2
"TRAV41","TRAJ33","TRBV19","TRBJ2-1",2
"TRAV41","TRAJ34","TRBV27","TRBJ2-2",2
"TRAV41","TRAJ44","TRBV28","TRBJ1-1",2
"TRAV41","TRAJ48","TRBV18","TRBJ2-7",2
"TRAV5","TRAJ23","TRBV29-1","TRBJ1-4",2
"TRAV5","TRAJ42","TRBV12-4","TRBJ1-2",2
"TRAV5","TRAJ43","TRBV11-2","TRBJ2-2",2
"TRAV5","TRAJ49","TRBV27","TRBJ1-5",2
"TRAV6","TRAJ38","TRBV14","TRBJ2-7",2
"TRAV6","TRAJ42","TRBV19","TRBJ2-3",2
"TRAV8-2","TRAJ48","TRBV25-1","TRBJ2-1",2
"TRAV8-3","TRAJ10","TRBV7-9","TRBJ2-5",2
"TRAV8-3","TRAJ20","TRBV9","TRBJ2-3",2
"TRAV8-3","TRAJ40","TRBV13","TRBJ2-7",2
"TRAV8-3","TRAJ40","TRBV15","TRBJ2-7",2
"TRAV8-3","TRAJ42","TRBV19","TRBJ2-7",2
"TRAV1-1","TRAJ10","TRBV2","TRBJ2-2",1
"TRAV1-1","TRAJ15","TRBV4-1","TRBJ1-1",1
"TRAV1-1","TRAJ20","TRBV14","TRBJ1-5",1
"TRAV1-1","TRAJ20","TRBV5-1","TRBJ2-1",1
"TRAV1-1","TRAJ20","TRBV6-1","TRBJ1-1",1
"TRAV1-1","TRAJ26","TRBV18","TRBJ2-1",1
"TRAV1-1","TRAJ26","TRBV5-5","TRBJ1-1",1
"TRAV1-1","TRAJ26","TRBV7-3","TRBJ2-3",1
"TRAV1-1","TRAJ37","TRBV4-1","TRBJ2-5",1
"TRAV1-1","TRAJ48","TRBV29-1","TRBJ2-5",1
"TRAV1-1","TRAJ49","TRBV15","TRBJ1-6",1
"TRAV1-1","TRAJ49","TRBV2","TRBJ1-1",1
"TRAV1-1","TRAJ9","TRBV2","TRBJ1-4",1
"TRAV1-2","TRAJ11","TRBV20-1","TRBJ2-2",1
"TRAV1-2","TRAJ12","TRBV6-4","TRBJ2-2",1
"TRAV1-2","TRAJ12","TRBV7-9","TRBJ1-4",1
"TRAV1-2","TRAJ12","TRBV7-9","TRBJ2-5",1
"TRAV1-2","TRAJ12","TRBV7-9","TRBJ2-7",1
"TRAV1-2","TRAJ13","TRBV2","TRBJ2-7",1
"TRAV1-2","TRAJ13","TRBV27","TRBJ1-6",1
"TRAV1-2","TRAJ15","TRBV18","TRBJ1-1",1
"TRAV1-2","TRAJ15","TRBV9","TRBJ2-5",1
"TRAV1-2","TRAJ18","TRBV2","TRBJ2-1",1
"TRAV1-2","TRAJ20","TRBV11-2","TRBJ1-1",1
"TRAV1-2","TRAJ20","TRBV30","TRBJ1-2",1
"TRAV1-2","TRAJ20","TRBV7-9","TRBJ2-1",1
"TRAV1-2","TRAJ20","TRBV7-9","TRBJ2-5",1
"TRAV1-2","TRAJ22","TRBV7-2","TRBJ2-5",1
"TRAV1-2","TRAJ23","TRBV12-3","TRBJ1-2",1
"TRAV1-2","TRAJ26","TRBV5-4","TRBJ1-5",1
"TRAV1-2","TRAJ28","TRBV4-2","TRBJ1-1",1
"TRAV1-2","TRAJ28","TRBV7-9","TRBJ2-7",1
"TRAV1-2","TRAJ29","TRBV29-1","TRBJ2-1",1
"TRAV1-2","TRAJ30","TRBV7-9","TRBJ1-4",1
"TRAV1-2","TRAJ31","TRBV6-2","TRBJ1-1",1
"TRAV1-2","TRAJ32","TRBV18","TRBJ1-4",1
"TRAV1-2","TRAJ32","TRBV2","TRBJ2-6",1
"TRAV1-2","TRAJ32","TRBV5-6","TRBJ1-2",1
"TRAV1-2","TRAJ33","TRBV12-3","TRBJ2-1",1
"TRAV1-2","TRAJ33","TRBV20-1","TRBJ2-7",1
"TRAV1-2","TRAJ33","TRBV28","TRBJ1-5",1
"TRAV1-2","TRAJ33","TRBV5-6","TRBJ2-1",1
"TRAV1-2","TRAJ33","TRBV6-1","TRBJ1-1",1
"TRAV1-2","TRAJ33","TRBV6-1","TRBJ2-1",1
"TRAV1-2","TRAJ33","TRBV6-4","TRBJ2-1",1
"TRAV1-2","TRAJ33","TRBV6-5","TRBJ1-1",1
"TRAV1-2","TRAJ36","TRBV12-4","TRBJ2-1",1
"TRAV1-2","TRAJ36","TRBV4-2","TRBJ1-2",1
"TRAV1-2","TRAJ36","TRBV5-4","TRBJ1-5",1
"TRAV1-2","TRAJ36","TRBV5-4","TRBJ2-2",1
"TRAV1-2","TRAJ36","TRBV5-4","TRBJ2-7",1
"TRAV1-2","TRAJ36","TRBV5-5","TRBJ1-1",1
"TRAV1-2","TRAJ37","TRBV5-5","TRBJ1-1",1
"TRAV1-2","TRAJ38","TRBV10-2","TRBJ2-7",1
"TRAV1-2","TRAJ38","TRBV13","TRBJ2-7",1
"TRAV1-2","TRAJ39","TRBV12-4","TRBJ2-1",1
"TRAV1-2","TRAJ39","TRBV14","TRBJ1-5",1
"TRAV1-2","TRAJ4","TRBV6-1","TRBJ1-1",1
"TRAV1-2","TRAJ4","TRBV7-6","TRBJ1-1",1
"TRAV1-2","TRAJ40","TRBV12-3","TRBJ2-7",1
"TRAV1-2","TRAJ41","TRBV7-2","TRBJ1-1",1
"TRAV1-2","TRAJ42","TRBV11-2","TRBJ2-3",1
"TRAV1-2","TRAJ42","TRBV5-1","TRBJ1-1",1
"TRAV1-2","TRAJ42","TRBV7-8","TRBJ2-3",1
"TRAV1-2","TRAJ43","TRBV9","TRBJ2-7",1
"TRAV1-2","TRAJ44","TRBV25-1","TRBJ1-2",1
"TRAV1-2","TRAJ44","TRBV27","TRBJ1-2",1
"TRAV1-2","TRAJ47","TRBV18","TRBJ2-7",1
"TRAV1-2","TRAJ6","TRBV12-5","TRBJ1-5",1
"TRAV1-2","TRAJ6","TRBV19","TRBJ1-5",1
"TRAV1-2","TRAJ9","TRBV10-2","TRBJ1-5",1
"TRAV1-2","TRAJ9","TRBV11-2","TRBJ2-3",1
"TRAV1-2","TRAJ9","TRBV28","TRBJ2-1",1
"TRAV10","TRAJ12","TRBV15","TRBJ1-5",1
"TRAV10","TRAJ17","TRBV10-2","TRBJ2-5",1
"TRAV10","TRAJ17","TRBV27","TRBJ1-1",1
"TRAV10","TRAJ18","TRBV12-4","TRBJ2-5",1
"TRAV10","TRAJ18","TRBV14","TRBJ2-1",1
"TRAV10","TRAJ18","TRBV2","TRBJ2-7",1
"TRAV10","TRAJ18","TRBV20-1","TRBJ2-4",1
"TRAV10","TRAJ18","TRBV25-1","TRBJ1-4",1
"TRAV10","TRAJ18","TRBV7-3","TRBJ1-1",1
"TRAV10","TRAJ22","TRBV6-2","TRBJ2-2",1
"TRAV10","TRAJ26","TRBV3-1","TRBJ2-5",1
"TRAV10","TRAJ31","TRBV27","TRBJ2-4",1
"TRAV10","TRAJ33","TRBV6-5","TRBJ2-7",1
"TRAV10","TRAJ34","TRBV27","TRBJ2-5",1
"TRAV10","TRAJ34","TRBV28","TRBJ2-1",1
"TRAV10","TRAJ36","TRBV6-6","TRBJ2-7",1
"TRAV10","TRAJ37","TRBV19","TRBJ1-1",1
"TRAV10","TRAJ37","TRBV6-1","TRBJ1-1",1
"TRAV10","TRAJ38","TRBV12-3","TRBJ2-1",1
"TRAV10","TRAJ39","TRBV6-1","TRBJ1-2",1
"TRAV10","TRAJ40","TRBV19","TRBJ2-1",1
"TRAV10","TRAJ42","TRBV12-4","TRBJ1-1",1
"TRAV10","TRAJ42","TRBV19","TRBJ1-5",1
"TRAV10","TRAJ43","TRBV9","TRBJ2-1",1
"TRAV10","TRAJ45","TRBV12-4","TRBJ1-1",1
"TRAV10","TRAJ45","TRBV5-6","TRBJ2-1",1
"TRAV10","TRAJ45","TRBV5-6","TRBJ2-7",1
"TRAV10","TRAJ47","TRBV10-2","TRBJ2-1",1
"TRAV10","TRAJ47","TRBV19","TRBJ2-1",1
"TRAV10","TRAJ47","TRBV6-4","TRBJ2-1",1
"TRAV10","TRAJ49","TRBV28","TRBJ2-1",1
"TRAV10","TRAJ5","TRBV28","TRBJ2-5",1
"TRAV10","TRAJ6","TRBV12-3","TRBJ2-3",1
"TRAV10","TRAJ6","TRBV28","TRBJ2-7",1
"TRAV10","TRAJ9","TRBV12-5","TRBJ2-1",1
"TRAV10","TRAJ9","TRBV5-6","TRBJ1-2",1
"TRAV12-1","TRAJ11","TRBV2","TRBJ1-6",1
"TRAV12-1","TRAJ11","TRBV29-1","TRBJ2-7",1
"TRAV12-1","TRAJ12","TRBV2","TRBJ2-1",1
"TRAV12-1","TRAJ12","TRBV2","TRBJ2-3",1
"TRAV12-1","TRAJ12","TRBV2","TRBJ2-7",1
"TRAV12-1","TRAJ13","TRBV6-1","TRBJ2-7",1
"TRAV12-1","TRAJ15","TRBV20-1","TRBJ2-2",1
"TRAV12-1","TRAJ20","TRBV29-1","TRBJ1-2",1
"TRAV12-1","TRAJ23","TRBV5-6","TRBJ2-6",1
"TRAV12-1","TRAJ23","TRBV6-3","TRBJ2-4",1
"TRAV12-1","TRAJ23","TRBV6-5","TRBJ2-7",1
"TRAV12-1","TRAJ26","TRBV7-3","TRBJ2-3",1
"TRAV12-1","TRAJ27","TRBV9","TRBJ2-1",1
"TRAV12-1","TRAJ28","TRBV7-9","TRBJ2-5",1
"TRAV12-1","TRAJ29","TRBV30","TRBJ2-7",1
"TRAV12-1","TRAJ3","TRBV27","TRBJ2-7",1
"TRAV12-1","TRAJ3","TRBV6-1","TRBJ1-1",1
"TRAV12-1","TRAJ3","TRBV9","TRBJ2-7",1
"TRAV12-1","TRAJ30","TRBV7-8","TRBJ1-2",1
"TRAV12-1","TRAJ30","TRBV7-9","TRBJ1-1",1
"TRAV12-1","TRAJ33","TRBV2","TRBJ2-7",1
"TRAV12-1","TRAJ34","TRBV3-1","TRBJ1-1",1
"TRAV12-1","TRAJ34","TRBV7-9","TRBJ2-2",1
"TRAV12-1","TRAJ37","TRBV20-1","TRBJ2-7",1
"TRAV12-1","TRAJ37","TRBV24-1","TRBJ2-2",1
"TRAV12-1","TRAJ39","TRBV15","TRBJ2-2",1
"TRAV12-1","TRAJ39","TRBV4-2","TRBJ2-7",1
"TRAV12-1","TRAJ42","TRBV19","TRBJ2-3",1
"TRAV12-1","TRAJ42","TRBV19","TRBJ2-7",1
"TRAV12-1","TRAJ42","TRBV24-1","TRBJ2-5",1
"TRAV12-1","TRAJ43","TRBV19","TRBJ1-5",1
"TRAV12-1","TRAJ43","TRBV19","TRBJ1-6",1
"TRAV12-1","TRAJ43","TRBV19","TRBJ2-2",1
"TRAV12-1","TRAJ43","TRBV19","TRBJ2-6",1
"TRAV12-1","TRAJ43","TRBV2","TRBJ2-2",1
"TRAV12-1","TRAJ43","TRBV24-1","TRBJ2-1",1
"TRAV12-1","TRAJ43","TRBV7-8","TRBJ2-7",1
"TRAV12-1","TRAJ43","TRBV7-9","TRBJ2-3",1
"TRAV12-1","TRAJ44","TRBV9","TRBJ2-1",1
"TRAV12-1","TRAJ45","TRBV10-2","TRBJ2-3",1
"TRAV12-1","TRAJ45","TRBV10-3","TRBJ2-2",1
"TRAV12-1","TRAJ45","TRBV19","TRBJ2-1",1
"TRAV12-1","TRAJ45","TRBV6-5","TRBJ1-2",1
"TRAV12-1","TRAJ47","TRBV20-1","TRBJ2-7",1
"TRAV12-1","TRAJ47","TRBV9","TRBJ2-1",1
"TRAV12-1","TRAJ48","TRBV12-4","TRBJ2-3",1
"TRAV12-1","TRAJ48","TRBV20-1","TRBJ1-1",1
"TRAV12-1","TRAJ49","TRBV9","TRBJ2-3",1
"TRAV12-1","TRAJ53","TRBV27","TRBJ2-1",1
"TRAV12-1","TRAJ53","TRBV6-1","TRBJ2-7",1
"TRAV12-1","TRAJ56","TRBV19","TRBJ2-1",1
"TRAV12-1","TRAJ6","TRBV24-1","TRBJ2-1",1
"TRAV12-1","TRAJ6","TRBV24-1","TRBJ2-6",1
"TRAV12-1","TRAJ9","TRBV3-1","TRBJ2-6",1
"TRAV12-1","TRAV12-1","TRBV28","TRBJ1-5",1
"TRAV12-2","TRAJ10","TRBV7-9","TRBJ1-1",1
"TRAV12-2","TRAJ12","TRBV10-2","TRBJ1-1",1
"TRAV12-2","TRAJ13","TRBV7-9","TRBJ2-7",1
"TRAV12-2","TRAJ15","TRBV11-3","TRBJ2-1",1
"TRAV12-2","TRAJ17","TRBV27","TRBJ1-4",1
"TRAV12-2","TRAJ17","TRBV28","TRBJ1-5",1
"TRAV12-2","TRAJ21","TRBV12-4","TRBJ2-3",1
"TRAV12-2","TRAJ21","TRBV12-4","TRBJ2-7",1
"TRAV12-2","TRAJ21","TRBV20-1","TRBJ1-5",1
"TRAV12-2","TRAJ21","TRBV4-1","TRBJ1-5",1
"TRAV12-2","TRAJ21","TRBV6-1","TRBJ1-1",1
"TRAV12-2","TRAJ23","TRBV27","TRBJ2-7",1
"TRAV12-2","TRAJ23","TRBV6-4","TRBJ1-1",1
"TRAV12-2","TRAJ26","TRBV7-9","TRBJ1-6",1
"TRAV12-2","TRAJ26","TRBV9","TRBJ1-2",1
"TRAV12-2","TRAJ28","TRBV4-1","TRBJ2-7",1
"TRAV12-2","TRAJ28","TRBV9","TRBJ2-2",1
"TRAV12-2","TRAJ29","TRBV27","TRBJ2-7",1
"TRAV12-2","TRAJ3","TRBV6-4","TRBJ1-2",1
"TRAV12-2","TRAJ30","TRBV15","TRBJ1-6",1
"TRAV12-2","TRAJ30","TRBV3-1","TRBJ2-5",1
"TRAV12-2","TRAJ30","TRBV6-2","TRBJ2-7",1
"TRAV12-2","TRAJ30","TRBV7-9","TRBJ1-1",1
"TRAV12-2","TRAJ30","TRBV7-9","TRBJ2-7",1
"TRAV12-2","TRAJ31","TRBV12-4","TRBJ2-2",1
"TRAV12-2","TRAJ31","TRBV27","TRBJ1-1",1
"TRAV12-2","TRAJ31","TRBV29-1","TRBJ2-1",1
"TRAV12-2","TRAJ31","TRBV6-1","TRBJ2-3",1
"TRAV12-2","TRAJ31","TRBV9","TRBJ1-1",1
"TRAV12-2","TRAJ34","TRBV6-1","TRBJ1-2",1
"TRAV12-2","TRAJ36","TRBV6-1","TRBJ2-5",1
"TRAV12-2","TRAJ36","TRBV7-3","TRBJ2-2",1
"TRAV12-2","TRAJ36","TRBV7-7","TRBJ1-6",1
"TRAV12-2","TRAJ37","TRBV28","TRBJ1-2",1
"TRAV12-2","TRAJ39","TRBV10-2","TRBJ2-1",1
"TRAV12-2","TRAJ39","TRBV20-1","TRBJ2-2",1
"TRAV12-2","TRAJ39","TRBV7-9","TRBJ1-4",1
"TRAV12-2","TRAJ4","TRBV11-2","TRBJ1-1",1
"TRAV12-2","TRAJ4","TRBV20-1","TRBJ2-1",1
"TRAV12-2","TRAJ40","TRBV12-3","TRBJ2-3",1
"TRAV12-2","TRAJ40","TRBV14","TRBJ1-1",1
"TRAV12-2","TRAJ42","TRBV19","TRBJ2-1",1
"TRAV12-2","TRAJ42","TRBV19","TRBJ2-7",1
"TRAV12-2","TRAJ42","TRBV28","TRBJ1-1",1
"TRAV12-2","TRAJ42","TRBV4-1","TRBJ2-1",1
"TRAV12-2","TRAJ43","TRBV19","TRBJ2-7",1
"TRAV12-2","TRAJ43","TRBV7-2","TRBJ2-1",1
"TRAV12-2","TRAJ44","TRBV14","TRBJ1-1",1
"TRAV12-2","TRAJ44","TRBV9","TRBJ2-6",1
"TRAV12-2","TRAJ45","TRBV18","TRBJ2-3",1
"TRAV12-2","TRAJ45","TRBV27","TRBJ1-5",1
"TRAV12-2","TRAJ45","TRBV27","TRBJ2-7",1
"TRAV12-2","TRAJ45","TRBV4-1","TRBJ2-3",1
"TRAV12-2","TRAJ45","TRBV6-2","TRBJ2-2",1
"TRAV12-2","TRAJ45","TRBV6-5","TRBJ2-7",1
"TRAV12-2","TRAJ47","TRBV18","TRBJ2-7",1
"TRAV12-2","TRAJ47","TRBV20-1","TRBJ1-6",1
"TRAV12-2","TRAJ47","TRBV6-1","TRBJ2-3",1
"TRAV12-2","TRAJ48","TRBV2","TRBJ2-4",1
"TRAV12-2","TRAJ48","TRBV27","TRBJ2-1",1
"TRAV12-2","TRAJ48","TRBV4-1","TRBJ2-5",1
"TRAV12-2","TRAJ49","TRBV12-3","TRBJ2-7",1
"TRAV12-2","TRAJ49","TRBV19","TRBJ2-2",1
"TRAV12-2","TRAJ49","TRBV19","TRBJ2-7",1
"TRAV12-2","TRAJ49","TRBV20-1","TRBJ1-1",1
"TRAV12-2","TRAJ49","TRBV27","TRBJ2-5",1
"TRAV12-2","TRAJ49","TRBV28","TRBJ1-1",1
"TRAV12-2","TRAJ49","TRBV6-1","TRBJ2-5",1
"TRAV12-2","TRAJ49","TRBV7-6","TRBJ1-1",1
"TRAV12-2","TRAJ49","TRBV7-9","TRBJ2-1",1
"TRAV12-2","TRAJ5","TRBV6-3","TRBJ2-3",1
"TRAV12-2","TRAJ5","TRBV6-6","TRBJ1-1",1
"TRAV12-2","TRAJ5","TRBV9","TRBJ1-3",1
"TRAV12-2","TRAJ50","TRBV12-4","TRBJ1-2",1
"TRAV12-2","TRAJ50","TRBV20-1","TRBJ2-7",1
"TRAV12-2","TRAJ52","TRBV19","TRBJ1-1",1
"TRAV12-2","TRAJ52","TRBV2","TRBJ1-6",1
"TRAV12-2","TRAJ52","TRBV27","TRBJ2-7",1
"TRAV12-2","TRAJ52","TRBV28","TRBJ1-2",1
"TRAV12-2","TRAJ54","TRBV19","TRBJ2-2",1
"TRAV12-2","TRAJ6","TRBV12-4","TRBJ1-4",1
"TRAV12-2","TRAJ6","TRBV6-5","TRBJ2-1",1
"TRAV12-2","TRAJ8","TRBV20-1","TRBJ1-5",1
"TRAV12-2","TRAJ8","TRBV28","TRBJ2-7",1
"TRAV12-2","TRAJ9","TRBV4-3","TRBJ1-3",1
"TRAV12-2","TRAJ9","TRBV5-6","TRBJ2-1",1
"TRAV12-2","TRAV12-2","TRBV4-2","TRBJ1-2",1
"TRAV12-3","TRAJ10","TRBV6-3","TRBJ2-1",1
"TRAV12-3","TRAJ12","TRBV12-4","TRBJ2-4",1
"TRAV12-3","TRAJ12","TRBV27","TRBJ2-3",1
"TRAV12-3","TRAJ12","TRBV7-9","TRBJ2-7",1
"TRAV12-3","TRAJ23","TRBV19","TRBJ2-2",1
"TRAV12-3","TRAJ27","TRBV5-1","TRBJ2-5",1
"TRAV12-3","TRAJ28","TRBV20-1","TRBJ2-7",1
"TRAV12-3","TRAJ3","TRBV30","TRBJ2-3",1
"TRAV12-3","TRAJ30","TRBV5-6","TRBJ2-1",1
"TRAV12-3","TRAJ31","TRBV19","TRBJ2-1",1
"TRAV12-3","TRAJ31","TRBV6-4","TRBJ1-3",1
"TRAV12-3","TRAJ36","TRBV28","TRBJ1-2",1
"TRAV12-3","TRAJ37","TRBV19","TRBJ2-3",1
"TRAV12-3","TRAJ37","TRBV19","TRBJ2-7",1
"TRAV12-3","TRAJ37","TRBV6-5","TRBJ2-7",1
"TRAV12-3","TRAJ37","TRBV9","TRBJ1-4",1
"TRAV12-3","TRAJ4","TRBV24-1","TRBJ2-3",1
"TRAV12-3","TRAJ42","TRBV11-2","TRBJ2-3",1
"TRAV12-3","TRAJ42","TRBV19","TRBJ2-2",1
"TRAV12-3","TRAJ42","TRBV19","TRBJ2-7",1
"TRAV12-3","TRAJ43","TRBV19","TRBJ1-1",1
"TRAV12-3","TRAJ45","TRBV5-1","TRBJ2-1",1
"TRAV12-3","TRAJ49","TRBV12-4","TRBJ2-7",1
"TRAV12-3","TRAJ49","TRBV6-1","TRBJ1-2",1
"TRAV12-3","TRAJ57","TRBV6-1","TRBJ2-5",1
"TRAV12-3","TRAJ9","TRBV4-3","TRBJ1-2",1
"TRAV12-3","TRAV12-3","TRBV19","TRBJ2-1",1
"TRAV13-1","TRAJ15","TRBV2","TRBJ2-7",1
"TRAV13-1","TRAJ20","TRBV15","TRBJ1-1",1
"TRAV13-1","TRAJ20","TRBV19","TRBJ2-1",1
"TRAV13-1","TRAJ20","TRBV29-1","TRBJ2-1",1
"TRAV13-1","TRAJ20","TRBV29-1","TRBJ2-3",1
"TRAV13-1","TRAJ20","TRBV9","TRBJ2-3",1
"TRAV13-1","TRAJ21","TRBV2","TRBJ2-2",1
"TRAV13-1","TRAJ23","TRBV10-2","TRBJ1-3",1
"TRAV13-1","TRAJ23","TRBV7-7","TRBJ1-2",1
"TRAV13-1","TRAJ26","TRBV19","TRBJ1-1",1
"TRAV13-1","TRAJ26","TRBV20-1","TRBJ1-2",1
"TRAV13-1","TRAJ26","TRBV20-1","TRBJ2-7",1
"TRAV13-1","TRAJ26","TRBV4-1","TRBJ1-4",1
"TRAV13-1","TRAJ26","TRBV6-5","TRBJ1-5",1
"TRAV13-1","TRAJ27","TRBV7-6","TRBJ2-5",1
"TRAV13-1","TRAJ31","TRBV15","TRBJ1-1",1
"TRAV13-1","TRAJ34","TRBV4-1","TRBJ1-2",1
"TRAV13-1","TRAJ34","TRBV6-1","TRBJ1-5",1
"TRAV13-1","TRAJ37","TRBV10-3","TRBJ1-2",1
"TRAV13-1","TRAJ37","TRBV19","TRBJ2-7",1
"TRAV13-1","TRAJ37","TRBV5-4","TRBJ2-7",1
"TRAV13-1","TRAJ40","TRBV9","TRBJ1-6",1
"TRAV13-1","TRAJ40","TRBV9","TRBJ2-2",1
"TRAV13-1","TRAJ41","TRBV11-2","TRBJ2-1",1
"TRAV13-1","TRAJ41","TRBV19","TRBJ1-5",1
"TRAV13-1","TRAJ42","TRBV19","TRBJ1-2",1
"TRAV13-1","TRAJ42","TRBV19","TRBJ2-1",1
"TRAV13-1","TRAJ42","TRBV19","TRBJ2-6",1
"TRAV13-1","TRAJ42","TRBV27","TRBJ1-2",1
"TRAV13-1","TRAJ43","TRBV7-6","TRBJ2-7",1
"TRAV13-1","TRAJ45","TRBV5-6","TRBJ1-1",1
"TRAV13-1","TRAJ45","TRBV6-2","TRBJ1-5",1
"TRAV13-1","TRAJ45","TRBV7-2","TRBJ1-2",1
"TRAV13-1","TRAJ45","TRBV9","TRBJ2-3",1
"TRAV13-1","TRAJ47","TRBV6-6","TRBJ1-1",1
"TRAV13-1","TRAJ48","TRBV12-4","TRBJ1-1",1
"TRAV13-1","TRAJ48","TRBV4-3","TRBJ1-1",1
"TRAV13-1","TRAJ50","TRBV12-3","TRBJ1-2",1
"TRAV13-1","TRAJ50","TRBV12-3","TRBJ2-2",1
"TRAV13-1","TRAJ50","TRBV12-4","TRBJ1-2",1
"TRAV13-1","TRAJ50","TRBV5-4","TRBJ2-2",1
"TRAV13-1","TRAJ52","TRBV14","TRBJ2-7",1
"TRAV13-1","TRAJ52","TRBV5-6","TRBJ1-2",1
"TRAV13-1","TRAJ53","TRBV10-1","TRBJ2-6",1
"TRAV13-1","TRAJ53","TRBV7-3","TRBJ2-2",1
"TRAV13-1","TRAJ54","TRBV27","TRBJ2-4",1
"TRAV13-1","TRAJ57","TRBV7-9","TRBJ2-3",1
"TRAV13-2","TRAJ10","TRBV9","TRBJ2-2",1
"TRAV13-2","TRAJ12","TRBV12-4","TRBJ2-1",1
"TRAV13-2","TRAJ13","TRBV7-2","TRBJ1-1",1
"TRAV13-2","TRAJ15","TRBV3-1","TRBJ1-1",1
"TRAV13-2","TRAJ15","TRBV30","TRBJ1-2",1
"TRAV13-2","TRAJ18","TRBV19","TRBJ2-3",1
"TRAV13-2","TRAJ22","TRBV28","TRBJ2-6",1
"TRAV13-2","TRAJ26","TRBV2","TRBJ1-1",1
"TRAV13-2","TRAJ26","TRBV5-6","TRBJ1-2",1
"TRAV13-2","TRAJ33","TRBV19","TRBJ2-1",1
"TRAV13-2","TRAJ33","TRBV25-1","TRBJ1-5",1
"TRAV13-2","TRAJ34","TRBV2","TRBJ1-1",1
"TRAV13-2","TRAJ39","TRBV6-1","TRBJ2-1",1
"TRAV13-2","TRAJ42","TRBV13","TRBJ2-2",1
"TRAV13-2","TRAJ42","TRBV19","TRBJ1-1",1
"TRAV13-2","TRAJ42","TRBV19","TRBJ2-1",1
"TRAV13-2","TRAJ42","TRBV19","TRBJ2-3",1
"TRAV13-2","TRAJ42","TRBV19","TRBJ2-7",1
"TRAV13-2","TRAJ45","TRBV19","TRBJ2-7",1
"TRAV13-2","TRAJ45","TRBV5-6","TRBJ1-1",1
"TRAV13-2","TRAJ47","TRBV6-6","TRBJ2-5",1
"TRAV13-2","TRAJ48","TRBV18","TRBJ1-2",1
"TRAV13-2","TRAJ49","TRBV9","TRBJ2-3",1
"TRAV13-2","TRAJ50","TRBV30","TRBJ2-4",1
"TRAV13-2","TRAJ53","TRBV5-6","TRBJ1-2",1
"TRAV13-2","TRAJ54","TRBV4-3","TRBJ2-1",1
"TRAV13-2","TRAJ6","TRBV20-1","TRBJ2-2",1
"TRAV13-2","TRAJ6","TRBV5-6","TRBJ2-7",1
"TRAV13-2","TRAJ6","TRBV9","TRBJ2-3",1
"TRAV13-2","TRAJ8","TRBV24-1","TRBJ1-1",1
"TRAV14/DV4","TRAJ10","TRBV20-1","TRBJ1-2",1
"TRAV14/DV4","TRAJ10","TRBV20-1","TRBJ2-1",1
"TRAV14/DV4","TRAJ12","TRBV29-1","TRBJ1-2",1
"TRAV14/DV4","TRAJ13","TRBV20-1","TRBJ2-2",1
"TRAV14/DV4","TRAJ13","TRBV27","TRBJ2-7",1
"TRAV14/DV4","TRAJ17","TRBV5-4","TRBJ2-1",1
"TRAV14/DV4","TRAJ18","TRBV2","TRBJ1-4",1
"TRAV14/DV4","TRAJ20","TRBV12-3","TRBJ1-1",1
"TRAV14/DV4","TRAJ21","TRBV12-5","TRBJ2-1",1
"TRAV14/DV4","TRAJ21","TRBV13","TRBJ1-2",1
"TRAV14/DV4","TRAJ21","TRBV29-1","TRBJ2-1",1
"TRAV14/DV4","TRAJ21","TRBV6-5","TRBJ1-1",1
"TRAV14/DV4","TRAJ23","TRBV19","TRBJ2-2",1
"TRAV14/DV4","TRAJ24","TRBV28","TRBJ1-5",1
"TRAV14/DV4","TRAJ26","TRBV19","TRBJ1-5",1
"TRAV14/DV4","TRAJ26","TRBV7-6","TRBJ1-1",1
"TRAV14/DV4","TRAJ27","TRBV4-3","TRBJ2-1",1
"TRAV14/DV4","TRAJ28","TRBV19","TRBJ1-1",1
"TRAV14/DV4","TRAJ28","TRBV27","TRBJ2-7",1
"TRAV14/DV4","TRAJ29","TRBV19","TRBJ2-3",1
"TRAV14/DV4","TRAJ30","TRBV11-3","TRBJ2-1",1
"TRAV14/DV4","TRAJ30","TRBV19","TRBJ2-1",1
"TRAV14/DV4","TRAJ31","TRBV14","TRBJ2-3",1
"TRAV14/DV4","TRAJ31","TRBV20-1","TRBJ2-1",1
"TRAV14/DV4","TRAJ32","TRBV2","TRBJ2-2",1
"TRAV14/DV4","TRAJ33","TRBV19","TRBJ1-1",1
"TRAV14/DV4","TRAJ33","TRBV2","TRBJ1-1",1
"TRAV14/DV4","TRAJ33","TRBV27","TRBJ1-1",1
"TRAV14/DV4","TRAJ33","TRBV9","TRBJ2-3",1
"TRAV14/DV4","TRAJ36","TRBV4-3","TRBJ1-1",1
"TRAV14/DV4","TRAJ37","TRBV7-8","TRBJ2-2",1
"TRAV14/DV4","TRAJ39","TRBV4-1","TRBJ2-3",1
"TRAV14/DV4","TRAJ39","TRBV5-1","TRBJ2-7",1
"TRAV14/DV4","TRAJ40","TRBV27","TRBJ2-5",1
"TRAV14/DV4","TRAJ42","TRBV19","TRBJ2-3",1
"TRAV14/DV4","TRAJ42","TRBV19","TRBJ2-7",1
"TRAV14/DV4","TRAJ42","TRBV4-1","TRBJ2-5",1
"TRAV14/DV4","TRAJ42","TRBV4-3","TRBJ2-7",1
"TRAV14/DV4","TRAJ43","TRBV12-4","TRBJ2-5",1
"TRAV14/DV4","TRAJ43","TRBV28","TRBJ1-3",1
"TRAV14/DV4","TRAJ44","TRBV28","TRBJ2-7",1
"TRAV14/DV4","TRAJ44","TRBV7-9","TRBJ1-6",1
"TRAV14/DV4","TRAJ45","TRBV20-1","TRBJ2-1",1
"TRAV14/DV4","TRAJ45","TRBV28","TRBJ2-5",1
"TRAV14/DV4","TRAJ47","TRBV27","TRBJ2-5",1
"TRAV14/DV4","TRAJ48","TRBV19","TRBJ2-3",1
"TRAV14/DV4","TRAJ48","TRBV7-9","TRBJ2-1",1
"TRAV14/DV4","TRAJ48","TRBV9","TRBJ2-7",1
"TRAV14/DV4","TRAJ49","TRBV11-2","TRBJ2-7",1
"TRAV14/DV4","TRAJ49","TRBV13","TRBJ2-3",1
"TRAV14/DV4","TRAJ5","TRBV28","TRBJ1-1",1
"TRAV14/DV4","TRAJ5","TRBV7-2","TRBJ1-5",1
"TRAV14/DV4","TRAJ50","TRBV2","TRBJ1-5",1
"TRAV14/DV4","TRAJ52","TRBV19","TRBJ1-1",1
"TRAV14/DV4","TRAJ52","TRBV19","TRBJ1-5",1
"TRAV14/DV4","TRAJ52","TRBV28","TRBJ2-1",1
"TRAV14/DV4","TRAJ52","TRBV28","TRBJ2-7",1
"TRAV14/DV4","TRAJ52","TRBV7-2","TRBJ2-7",1
"TRAV14/DV4","TRAJ53","TRBV27","TRBJ2-5",1
"TRAV14/DV4","TRAJ53","TRBV4-2","TRBJ2-3",1
"TRAV14/DV4","TRAJ53","TRBV5-5","TRBJ1-1",1
"TRAV14/DV4","TRAJ57","TRBV14","TRBJ1-1",1
"TRAV14/DV4","TRAJ57","TRBV5-1","TRBJ2-1",1
"TRAV14/DV4","TRAJ57","TRBV6-3","TRBJ2-1",1
"TRAV14/DV4","TRAJ58","TRBV7-6","TRBJ1-5",1
"TRAV14/DV4","TRAJ6","TRBV19","TRBJ1-1",1
"TRAV14/DV4","TRAJ9","TRBV11-2","TRBJ1-1",1
"TRAV14/DV4","TRAJ9","TRBV28","TRBJ2-5",1
"TRAV14/DV4","TRAJ9","TRBV7-3","TRBJ1-1",1
"TRAV14/DV4","TRAJ9","TRBV9","TRBJ1-6",1
"TRAV14/DV4","TRAJ9","TRBV9","TRBJ2-1",1
"TRAV14/DV4","TRDJ3","TRBV27","TRBJ2-3",1
"TRAV16","TRAJ17","TRBV5-5","TRBJ1-2",1
"TRAV16","TRAJ18","TRBV27","TRBJ2-7",1
"TRAV16","TRAJ20","TRBV28","TRBJ2-2",1
"TRAV16","TRAJ23","TRBV6-5","TRBJ2-4",1
"TRAV16","TRAJ26","TRBV25-1","TRBJ1-3",1
"TRAV16","TRAJ26","TRBV27","TRBJ1-2",1
"TRAV16","TRAJ26","TRBV3-1","TRBJ1-1",1
"TRAV16","TRAJ26","TRBV4-3","TRBJ2-1",1
"TRAV16","TRAJ3","TRBV28","TRBJ1-4",1
"TRAV16","TRAJ30","TRBV19","TRBJ2-2",1
"TRAV16","TRAJ30","TRBV19","TRBJ2-7",1
"TRAV16","TRAJ30","TRBV24-1","TRBJ2-5",1
"TRAV16","TRAJ31","TRBV12-3","TRBJ2-4",1
"TRAV16","TRAJ34","TRBV25-1","TRBJ2-1",1
"TRAV16","TRAJ34","TRBV29-1","TRBJ1-1",1
"TRAV16","TRAJ34","TRBV6-1","TRBJ2-5",1
"TRAV16","TRAJ35","TRBV11-1","TRBJ2-1",1
"TRAV16","TRAJ36","TRBV27","TRBJ2-2",1
"TRAV16","TRAJ36","TRBV28","TRBJ2-1",1
"TRAV16","TRAJ36","TRBV6-2","TRBJ1-5",1
"TRAV16","TRAJ37","TRBV19","TRBJ2-1",1
"TRAV16","TRAJ37","TRBV7-9","TRBJ2-5",1
"TRAV16","TRAJ39","TRBV11-2","TRBJ2-3",1
"TRAV16","TRAJ40","TRBV27","TRBJ2-3",1
"TRAV16","TRAJ40","TRBV28","TRBJ2-2",1
"TRAV16","TRAJ40","TRBV6-5","TRBJ1-5",1
"TRAV16","TRAJ42","TRBV19","TRBJ2-7",1
"TRAV16","TRAJ48","TRBV19","TRBJ2-1",1
"TRAV16","TRAJ48","TRBV29-1","TRBJ2-5",1
"TRAV16","TRAJ49","TRBV27","TRBJ1-3",1
"TRAV16","TRAJ52","TRBV7-8","TRBJ2-2",1
"TRAV16","TRAJ54","TRBV15","TRBJ2-7",1
"TRAV16","TRAJ54","TRBV7-6","TRBJ1-4",1
"TRAV16","TRAJ56","TRBV5-6","TRBJ2-7",1
"TRAV16","TRAJ58","TRBV19","TRBJ2-1",1
"TRAV16","TRAJ6","TRBV25-1","TRBJ1-2",1
"TRAV16","TRAV16","TRBV19","TRBJ2-3",1
"TRAV16","TRAV16","TRBV19","TRBJ2-7",1
"TRAV17","TRAJ11","TRBV12-4","TRBJ1-1",1
"TRAV17","TRAJ11","TRBV28","TRBJ2-1",1
"TRAV17","TRAJ11","TRBV6-5","TRBJ2-4",1
"TRAV17","TRAJ12","TRBV7-9","TRBJ2-1",1
"TRAV17","TRAJ13","TRBV12-3","TRBJ1-4",1
"TRAV17","TRAJ13","TRBV9","TRBJ2-7",1
"TRAV17","TRAJ20","TRBV20-1","TRBJ2-7",1
"TRAV17","TRAJ20","TRBV27","TRBJ1-4",1
"TRAV17","TRAJ20","TRBV3-1","TRBJ1-2",1
"TRAV17","TRAJ20","TRBV6-1","TRBJ2-7",1
"TRAV17","TRAJ20","TRBV6-2","TRBJ1-2",1
"TRAV17","TRAJ20","TRBV6-5","TRBJ2-1",1
"TRAV17","TRAJ21","TRBV6-2","TRBJ1-3",1
"TRAV17","TRAJ22","TRBV11-2","TRBJ2-5",1
"TRAV17","TRAJ22","TRBV28","TRBJ2-1",1
"TRAV17","TRAJ23","TRBV27","TRBJ1-5",1
"TRAV17","TRAJ23","TRBV28","TRBJ2-1",1
"TRAV17","TRAJ26","TRBV27","TRBJ2-5",1
"TRAV17","TRAJ27","TRBV5-6","TRBJ1-1",1
"TRAV17","TRAJ28","TRBV6-5","TRBJ2-1",1
"TRAV17","TRAJ28","TRBV7-9","TRBJ1-6",1
"TRAV17","TRAJ29","TRBV19","TRBJ2-7",1
"TRAV17","TRAJ29","TRBV6-5","TRBJ2-5",1
"TRAV17","TRAJ3","TRBV27","TRBJ1-2",1
"TRAV17","TRAJ3","TRBV5-5","TRBJ1-2",1
"TRAV17","TRAJ30","TRBV11-1","TRBJ2-7",1
"TRAV17","TRAJ31","TRBV11-2","TRBJ2-7",1
"TRAV17","TRAJ33","TRBV11-1","TRBJ1-3",1
"TRAV17","TRAJ33","TRBV2","TRBJ2-7",1
"TRAV17","TRAJ33","TRBV27","TRBJ1-1",1
"TRAV17","TRAJ33","TRBV28","TRBJ1-1",1
"TRAV17","TRAJ33","TRBV6-5","TRBJ2-1",1
"TRAV17","TRAJ34","TRBV11-3","TRBJ2-5",1
"TRAV17","TRAJ34","TRBV27","TRBJ1-5",1
"TRAV17","TRAJ34","TRBV6-2","TRBJ1-1",1
"TRAV17","TRAJ36","TRBV19","TRBJ2-2",1
"TRAV17","TRAJ36","TRBV27","TRBJ1-2",1
"TRAV17","TRAJ39","TRBV6-5","TRBJ1-1",1
"TRAV17","TRAJ39","TRBV9","TRBJ2-3",1
"TRAV17","TRAJ40","TRBV6-5","TRBJ2-3",1
"TRAV17","TRAJ41","TRBV27","TRBJ2-1",1
"TRAV17","TRAJ41","TRBV6-2","TRBJ2-1",1
"TRAV17","TRAJ42","TRBV19","TRBJ2-3",1
"TRAV17","TRAJ42","TRBV19","TRBJ2-5",1
"TRAV17","TRAJ43","TRBV12-3","TRBJ1-2",1
"TRAV17","TRAJ43","TRBV19","TRBJ2-3",1
"TRAV17","TRAJ43","TRBV2","TRBJ2-1",1
"TRAV17","TRAJ43","TRBV6-5","TRBJ2-3",1
"TRAV17","TRAJ44","TRBV7-2","TRBJ2-1",1
"TRAV17","TRAJ45","TRBV28","TRBJ2-5",1
"TRAV17","TRAJ45","TRBV7-3","TRBJ2-3",1
"TRAV17","TRAJ47","TRBV6-2","TRBJ2-3",1
"TRAV17","TRAJ48","TRBV19","TRBJ2-7",1
"TRAV17","TRAJ48","TRBV9","TRBJ1-6",1
"TRAV17","TRAJ49","TRBV5-6","TRBJ2-1",1
"TRAV17","TRAJ5","TRBV12-3","TRBJ2-1",1
"TRAV17","TRAJ5","TRBV7-3","TRBJ1-3",1
"TRAV17","TRAJ50","TRBV27","TRBJ1-6",1
"TRAV17","TRAJ52","TRBV19","TRBJ1-1",1
"TRAV17","TRAJ52","TRBV2","TRBJ1-1",1
"TRAV17","TRAJ52","TRBV6-2","TRBJ1-2",1
"TRAV17","TRAJ52","TRBV6-6","TRBJ1-1",1
"TRAV17","TRAJ52","TRBV7-3","TRBJ2-2",1
"TRAV17","TRAJ53","TRBV11-1","TRBJ2-7",1
"TRAV17","TRAJ53","TRBV14","TRBJ2-7",1
"TRAV17","TRAJ53","TRBV18","TRBJ1-1",1
"TRAV17","TRAJ53","TRBV28","TRBJ1-4",1
"TRAV17","TRAJ54","TRBV27","TRBJ2-2",1
"TRAV17","TRAJ54","TRBV28","TRBJ1-5",1
"TRAV17","TRAJ54","TRBV3-1","TRBJ1-4",1
"TRAV17","TRAJ54","TRBV5-6","TRBJ1-5",1
"TRAV17","TRAJ57","TRBV18","TRBJ1-1",1
"TRAV17","TRAJ57","TRBV27","TRBJ2-2",1
"TRAV17","TRAJ57","TRBV27","TRBJ2-6",1
"TRAV17","TRAJ57","TRBV30","TRBJ1-6",1
"TRAV17","TRAJ57","TRBV6-6","TRBJ2-7",1
"TRAV17","TRAJ6","TRBV28","TRBJ1-1",1
"TRAV17","TRAJ7","TRBV5-1","TRBJ1-1",1
"TRAV17","TRAJ7","TRBV7-9","TRBJ2-2",1
"TRAV17","TRAJ9","TRBV19","TRBJ2-1",1
"TRAV17","TRAJ9","TRBV27","TRBJ1-1",1
"TRAV17","TRAJ9","TRBV28","TRBJ1-2",1
"TRAV18","TRAJ49","TRBV6-5","TRBJ1-2",1
"TRAV19","TRAJ10","TRBV27","TRBJ1-2",1
"TRAV19","TRAJ10","TRBV27","TRBJ2-5",1
"TRAV19","TRAJ10","TRBV3-1","TRBJ2-7",1
"TRAV19","TRAJ11","TRBV12-5","TRBJ2-1",1
"TRAV19","TRAJ11","TRBV18","TRBJ2-1",1
"TRAV19","TRAJ11","TRBV25-1","TRBJ1-1",1
"TRAV19","TRAJ11","TRBV27","TRBJ2-6",1
"TRAV19","TRAJ11","TRBV7-9","TRBJ2-1",1
"TRAV19","TRAJ12","TRBV27","TRBJ2-7",1
"TRAV19","TRAJ13","TRBV3-1","TRBJ1-1",1
"TRAV19","TRAJ13","TRBV3-1","TRBJ2-3",1
"TRAV19","TRAJ13","TRBV30","TRBJ1-3",1
"TRAV19","TRAJ13","TRBV9","TRBJ2-1",1
"TRAV19","TRAJ15","TRBV4-1","TRBJ2-7",1
"TRAV19","TRAJ15","TRBV7-8","TRBJ2-5",1
"TRAV19","TRAJ17","TRBV27","TRBJ2-3",1
"TRAV19","TRAJ17","TRBV9","TRBJ2-1",1
"TRAV19","TRAJ18","TRBV11-3","TRBJ2-1",1
"TRAV19","TRAJ18","TRBV12-3","TRBJ2-2",1
"TRAV19","TRAJ18","TRBV27","TRBJ2-3",1
"TRAV19","TRAJ18","TRBV3-1","TRBJ2-1",1
"TRAV19","TRAJ18","TRBV9","TRBJ2-7",1
"TRAV19","TRAJ20","TRBV19","TRBJ1-1",1
"TRAV19","TRAJ20","TRBV20-1","TRBJ2-7",1
"TRAV19","TRAJ20","TRBV25-1","TRBJ1-4",1
"TRAV19","TRAJ20","TRBV9","TRBJ2-7",1
"TRAV19","TRAJ21","TRBV13","TRBJ1-2",1
"TRAV19","TRAJ21","TRBV20-1","TRBJ1-1",1
"TRAV19","TRAJ22","TRBV11-2","TRBJ1-2",1
"TRAV19","TRAJ23","TRBV12-5","TRBJ1-1",1
"TRAV19","TRAJ23","TRBV19","TRBJ1-1",1
"TRAV19","TRAJ23","TRBV19","TRBJ1-3",1
"TRAV19","TRAJ23","TRBV27","TRBJ2-1",1
"TRAV19","TRAJ23","TRBV6-2","TRBJ2-5",1
"TRAV19","TRAJ23","TRBV7-9","TRBJ1-4",1
"TRAV19","TRAJ27","TRBV27","TRBJ1-6",1
"TRAV19","TRAJ28","TRBV15","TRBJ2-2",1
"TRAV19","TRAJ28","TRBV15","TRBJ2-6",1
"TRAV19","TRAJ28","TRBV27","TRBJ1-1",1
"TRAV19","TRAJ28","TRBV7-9","TRBJ1-5",1
"TRAV19","TRAJ29","TRBV2","TRBJ1-5",1
"TRAV19","TRAJ3","TRBV20-1","TRBJ2-7",1
"TRAV19","TRAJ3","TRBV29-1","TRBJ2-1",1
"TRAV19","TRAJ3","TRBV5-6","TRBJ1-3",1
"TRAV19","TRAJ30","TRBV2","TRBJ2-3",1
"TRAV19","TRAJ30","TRBV27","TRBJ2-1",1
"TRAV19","TRAJ30","TRBV4-1","TRBJ2-1",1
"TRAV19","TRAJ31","TRBV10-3","TRBJ2-2",1
"TRAV19","TRAJ31","TRBV18","TRBJ2-1",1
"TRAV19","TRAJ31","TRBV19","TRBJ2-7",1
"TRAV19","TRAJ31","TRBV28","TRBJ1-4",1
"TRAV19","TRAJ31","TRBV6-5","TRBJ1-1",1
"TRAV19","TRAJ32","TRBV10-1","TRBJ1-1",1
"TRAV19","TRAJ32","TRBV10-1","TRBJ2-7",1
"TRAV19","TRAJ32","TRBV6-1","TRBJ1-6",1
"TRAV19","TRAJ32","TRBV9","TRBJ2-6",1
"TRAV19","TRAJ33","TRBV11-1","TRBJ2-3",1
"TRAV19","TRAJ33","TRBV12-3","TRBJ2-1",1
"TRAV19","TRAJ33","TRBV19","TRBJ1-5",1
"TRAV19","TRAJ33","TRBV2","TRBJ2-3",1
"TRAV19","TRAJ33","TRBV20-1","TRBJ2-7",1
"TRAV19","TRAJ33","TRBV5-6","TRBJ1-1",1
"TRAV19","TRAJ33","TRBV6-5","TRBJ2-5",1
"TRAV19","TRAJ33","TRBV7-9","TRBJ1-2",1
"TRAV19","TRAJ34","TRBV10-3","TRBJ1-1",1
"TRAV19","TRAJ34","TRBV27","TRBJ1-2",1
"TRAV19","TRAJ34","TRBV27","TRBJ2-3",1
"TRAV19","TRAJ34","TRBV28","TRBJ2-2",1
"TRAV19","TRAJ34","TRBV5-6","TRBJ2-5",1
"TRAV19","TRAJ34","TRBV6-1","TRBJ1-1",1
"TRAV19","TRAJ34","TRBV6-1","TRBJ2-7",1
"TRAV19","TRAJ34","TRBV6-6","TRBJ2-1",1
"TRAV19","TRAJ34","TRBV7-2","TRBJ1-5",1
"TRAV19","TRAJ35","TRBV28","TRBJ1-1",1
"TRAV19","TRAJ36","TRBV20-1","TRBJ2-3",1
"TRAV19","TRAJ37","TRBV19","TRBJ2-5",1
"TRAV19","TRAJ38","TRBV6-5","TRBJ1-3",1
"TRAV19","TRAJ39","TRBV18","TRBJ1-1",1
"TRAV19","TRAJ39","TRBV27","TRBJ2-7",1
"TRAV19","TRAJ4","TRBV10-2","TRBJ2-1",1
"TRAV19","TRAJ4","TRBV2","TRBJ2-1",1
"TRAV19","TRAJ4","TRBV3-1","TRBJ2-5",1
"TRAV19","TRAJ40","TRBV19","TRBJ1-2",1
"TRAV19","TRAJ40","TRBV19","TRBJ1-5",1
"TRAV19","TRAJ40","TRBV20-1","TRBJ1-2",1
"TRAV19","TRAJ40","TRBV20-1","TRBJ2-7",1
"TRAV19","TRAJ40","TRBV27","TRBJ1-1",1
"TRAV19","TRAJ40","TRBV28","TRBJ1-6",1
"TRAV19","TRAJ40","TRBV28","TRBJ2-1",1
"TRAV19","TRAJ40","TRBV7-2","TRBJ2-7",1
"TRAV19","TRAJ40","TRBV9","TRBJ2-1",1
"TRAV19","TRAJ40","TRBV9","TRBJ2-5",1
"TRAV19","TRAJ41","TRBV6-2","TRBJ2-2",1
"TRAV19","TRAJ41","TRBV7-3","TRBJ1-1",1
"TRAV19","TRAJ42","TRBV19","TRBJ2-1",1
"TRAV19","TRAJ42","TRBV28","TRBJ2-1",1
"TRAV19","TRAJ42","TRBV28","TRBJ2-3",1
"TRAV19","TRAJ44","TRBV2","TRBJ1-1",1
"TRAV19","TRAJ44","TRBV27","TRBJ2-2",1
"TRAV19","TRAJ45","TRBV12-3","TRBJ2-6",1
"TRAV19","TRAJ45","TRBV2","TRBJ2-3",1
"TRAV19","TRAJ47","TRBV25-1","TRBJ1-6",1
"TRAV19","TRAJ47","TRBV27","TRBJ2-1",1
"TRAV19","TRAJ48","TRBV10-3","TRBJ2-7",1
"TRAV19","TRAJ48","TRBV28","TRBJ2-1",1
"TRAV19","TRAJ48","TRBV4-1","TRBJ2-6",1
"TRAV19","TRAJ49","TRBV27","TRBJ2-1",1
"TRAV19","TRAJ49","TRBV5-1","TRBJ2-4",1
"TRAV19","TRAJ5","TRBV29-1","TRBJ2-7",1
"TRAV19","TRAJ50","TRBV4-1","TRBJ2-7",1
"TRAV19","TRAJ52","TRBV28","TRBJ1-5",1
"TRAV19","TRAJ52","TRBV5-1","TRBJ2-1",1
"TRAV19","TRAJ52","TRBV9","TRBJ2-1",1
"TRAV19","TRAJ53","TRBV13","TRBJ2-7",1
"TRAV19","TRAJ53","TRBV19","TRBJ2-4",1
"TRAV19","TRAJ53","TRBV5-4","TRBJ2-5",1
"TRAV19","TRAJ54","TRBV18","TRBJ1-1",1
"TRAV19","TRAJ54","TRBV27","TRBJ1-4",1
"TRAV19","TRAJ54","TRBV6-1","TRBJ2-7",1
"TRAV19","TRAJ56","TRBV5-6","TRBJ2-7",1
"TRAV19","TRAJ57","TRBV7-6","TRBJ2-2",1
"TRAV19","TRAJ57","TRBV9","TRBJ1-2",1
"TRAV19","TRAJ6","TRBV18","TRBJ2-2",1
"TRAV19","TRAJ6","TRBV19","TRBJ1-1",1
"TRAV19","TRAJ6","TRBV19","TRBJ1-5",1
"TRAV19","TRAJ6","TRBV24-1","TRBJ2-2",1
"TRAV19","TRAJ6","TRBV27","TRBJ2-1",1
"TRAV19","TRAJ7","TRBV6-5","TRBJ1-3",1
"TRAV19","TRAJ9","TRBV6-1","TRBJ1-2",1
"TRAV19","TRAJ9","TRBV9","TRBJ2-1",1
"TRAV2","TRAJ12","TRBV28","TRBJ2-6",1
"TRAV2","TRAJ13","TRBV28","TRBJ2-7",1
"TRAV2","TRAJ3","TRBV9","TRBJ2-1",1
"TRAV2","TRAJ34","TRBV11-2","TRBJ2-7",1
"TRAV2","TRAJ45","TRBV9","TRBJ2-1",1
"TRAV2","TRAJ8","TRBV13","TRBJ2-3",1
"TRAV20","TRAJ10","TRBV5-5","TRBJ1-1",1
"TRAV20","TRAJ13","TRBV20-1","TRBJ1-6",1
"TRAV20","TRAJ15","TRBV19","TRBJ2-2",1
"TRAV20","TRAJ15","TRBV28","TRBJ2-7",1
"TRAV20","TRAJ15","TRBV4-1","TRBJ2-1",1
"TRAV20","TRAJ15","TRBV5-4","TRBJ1-1",1
"TRAV20","TRAJ20","TRBV13","TRBJ1-5",1
"TRAV20","TRAJ21","TRBV3-1","TRBJ1-1",1
"TRAV20","TRAJ28","TRBV13","TRBJ1-5",1
"TRAV20","TRAJ30","TRBV9","TRBJ2-7",1
"TRAV20","TRAJ33","TRBV28","TRBJ2-7",1
"TRAV20","TRAJ33","TRBV4-1","TRBJ1-4",1
"TRAV20","TRAJ34","TRBV9","TRBJ2-2",1
"TRAV20","TRAJ37","TRBV4-1","TRBJ1-5",1
"TRAV20","TRAJ39","TRBV5-4","TRBJ2-5",1
"TRAV20","TRAJ4","TRBV20-1","TRBJ2-1",1
"TRAV20","TRAJ42","TRBV4-1","TRBJ2-2",1
"TRAV20","TRAJ43","TRBV2","TRBJ2-3",1
"TRAV20","TRAJ43","TRBV9","TRBJ2-2",1
"TRAV20","TRAJ45","TRBV12-3","TRBJ2-3",1
"TRAV20","TRAJ45","TRBV20-1","TRBJ2-2",1
"TRAV20","TRAJ45","TRBV3-1","TRBJ1-5",1
"TRAV20","TRAJ48","TRBV19","TRBJ2-3",1
"TRAV20","TRAJ5","TRBV24-1","TRBJ2-1",1
"TRAV20","TRAJ58","TRBV20-1","TRBJ2-3",1
"TRAV20","TRAJ6","TRBV20-1","TRBJ1-1",1
"TRAV20","TRAJ7","TRBV5-1","TRBJ1-2",1
"TRAV20","TRAJ9","TRBV4-1","TRBJ1-1",1
"TRAV21","TRAJ11","TRBV27","TRBJ2-2",1
"TRAV21","TRAJ12","TRBV7-9","TRBJ2-2",1
"TRAV21","TRAJ15","TRBV11-3","TRBJ2-1",1
"TRAV21","TRAJ15","TRBV4-3","TRBJ2-3",1
"TRAV21","TRAJ15","TRBV5-6","TRBJ2-2",1
"TRAV21","TRAJ15","TRBV6-5","TRBJ2-1",1
"TRAV21","TRAJ15","TRBV9","TRBJ2-1",1
"TRAV21","TRAJ18","TRBV27","TRBJ2-1",1
"TRAV21","TRAJ21","TRBV3-1","TRBJ2-3",1
"TRAV21","TRAJ21","TRBV6-5","TRBJ1-2",1
"TRAV21","TRAJ21","TRBV7-3","TRBJ1-2",1
"TRAV21","TRAJ21","TRBV9","TRBJ2-3",1
"TRAV21","TRAJ22","TRBV4-1","TRBJ2-7",1
"TRAV21","TRAJ24","TRBV13","TRBJ1-2",1
"TRAV21","TRAJ24","TRBV27","TRBJ1-5",1
"TRAV21","TRAJ26","TRBV27","TRBJ1-1",1
"TRAV21","TRAJ26","TRBV7-3","TRBJ2-3",1
"TRAV21","TRAJ27","TRBV19","TRBJ1-4",1
"TRAV21","TRAJ27","TRBV2","TRBJ2-2",1
"TRAV21","TRAJ27","TRBV5-6","TRBJ2-1",1
"TRAV21","TRAJ28","TRBV5-1","TRBJ2-7",1
"TRAV21","TRAJ29","TRBV7-9","TRBJ2-1",1
"TRAV21","TRAJ33","TRBV10-2","TRBJ1-1",1
"TRAV21","TRAJ37","TRBV15","TRBJ2-1",1
"TRAV21","TRAJ37","TRBV4-1","TRBJ1-2",1
"TRAV21","TRAJ37","TRBV5-1","TRBJ1-1",1
"TRAV21","TRAJ37","TRBV6-5","TRBJ2-3",1
"TRAV21","TRAJ39","TRBV27","TRBJ2-3",1
"TRAV21","TRAJ4","TRBV6-6","TRBJ1-4",1
"TRAV21","TRAJ41","TRBV18","TRBJ1-2",1
"TRAV21","TRAJ41","TRBV29-1","TRBJ1-4",1
"TRAV21","TRAJ41","TRBV3-1","TRBJ2-1",1
"TRAV21","TRAJ41","TRBV5-6","TRBJ1-2",1
"TRAV21","TRAJ43","TRBV10-3","TRBJ1-5",1
"TRAV21","TRAJ47","TRBV19","TRBJ2-6",1
"TRAV21","TRAJ49","TRBV12-3","TRBJ1-2",1
"TRAV21","TRAJ49","TRBV7-8","TRBJ2-3",1
"TRAV21","TRAJ50","TRBV6-5","TRBJ1-4",1
"TRAV21","TRAJ53","TRBV7-3","TRBJ2-3",1
"TRAV21","TRAJ53","TRBV9","TRBJ2-3",1
"TRAV21","TRAJ54","TRBV5-4","TRBJ2-7",1
"TRAV21","TRAJ54","TRBV9","TRBJ1-1",1
"TRAV21","TRAJ57","TRBV7-9","TRBJ1-2",1
"TRAV21","TRAJ57","TRBV9","TRBJ1-6",1
"TRAV21","TRAJ57","TRBV9","TRBJ2-1",1
"TRAV22","TRAJ12","TRBV20-1","TRBJ2-4",1
"TRAV22","TRAJ17","TRBV4-3","TRBJ1-3",1
"TRAV22","TRAJ20","TRBV6-5","TRBJ1-1",1
"TRAV22","TRAJ22","TRBV11-2","TRBJ2-3",1
"TRAV22","TRAJ28","TRBV14","TRBJ1-1",1
"TRAV22","TRAJ3","TRBV27","TRBJ1-6",1
"TRAV22","TRAJ30","TRBV6-1","TRBJ2-3",1
"TRAV22","TRAJ30","TRBV7-6","TRBJ1-3",1
"TRAV22","TRAJ32","TRBV6-1","TRBJ1-5",1
"TRAV22","TRAJ34","TRBV11-2","TRBJ2-1",1
"TRAV22","TRAJ34","TRBV28","TRBJ2-5",1
"TRAV22","TRAJ36","TRBV19","TRBJ1-1",1
"TRAV22","TRAJ40","TRBV27","TRBJ2-1",1
"TRAV22","TRAJ40","TRBV4-3","TRBJ2-3",1
"TRAV22","TRAJ42","TRBV19","TRBJ2-3",1
"TRAV22","TRAJ42","TRBV19","TRBJ2-7",1
"TRAV22","TRAJ43","TRBV3-1","TRBJ2-3",1
"TRAV22","TRAJ44","TRBV4-3","TRBJ1-1",1
"TRAV22","TRAJ44","TRBV5-6","TRBJ1-2",1
"TRAV22","TRAJ45","TRBV2","TRBJ2-2",1
"TRAV22","TRAJ45","TRBV20-1","TRBJ2-7",1
"TRAV22","TRAJ45","TRBV27","TRBJ2-2",1
"TRAV22","TRAJ45","TRBV6-5","TRBJ2-3",1
"TRAV22","TRAJ45","TRBV9","TRBJ2-1",1
"TRAV22","TRAJ47","TRBV18","TRBJ1-4",1
"TRAV22","TRAJ47","TRBV5-4","TRBJ1-4",1
"TRAV22","TRAJ49","TRBV12-4","TRBJ2-3",1
"TRAV22","TRAJ50","TRBV12-4","TRBJ1-2",1
"TRAV22","TRAJ54","TRBV25-1","TRBJ2-2",1
"TRAV22","TRAJ57","TRBV27","TRBJ2-1",1
"TRAV22","TRAJ6","TRBV5-6","TRBJ2-7",1
"TRAV23/DV6","TRAJ17","TRBV6-2","TRBJ2-2",1
"TRAV23/DV6","TRAJ18","TRBV5-1","TRBJ2-1",1
"TRAV23/DV6","TRAJ26","TRBV7-3","TRBJ2-3",1
"TRAV23/DV6","TRAJ28","TRBV12-3","TRBJ2-3",1
"TRAV23/DV6","TRAJ3","TRBV11-2","TRBJ2-3",1
"TRAV23/DV6","TRAJ33","TRBV19","TRBJ2-1",1
"TRAV23/DV6","TRAJ42","TRBV19","TRBJ2-7",1
"TRAV23/DV6","TRAJ43","TRBV27","TRBJ2-2",1
"TRAV23/DV6","TRAJ50","TRBV10-3","TRBJ1-1",1
"TRAV24","TRAJ11","TRBV10-2","TRBJ2-7",1
"TRAV24","TRAJ13","TRBV5-6","TRBJ2-7",1
"TRAV24","TRAJ15","TRBV7-6","TRBJ1-1",1
"TRAV24","TRAJ20","TRBV19","TRBJ1-3",1
"TRAV24","TRAJ20","TRBV30","TRBJ1-1",1
"TRAV24","TRAJ20","TRBV7-8","TRBJ2-1",1
"TRAV24","TRAJ21","TRBV27","TRBJ2-7",1
"TRAV24","TRAJ22","TRBV27","TRBJ2-1",1
"TRAV24","TRAJ23","TRBV25-1","TRBJ1-4",1
"TRAV24","TRAJ23","TRBV5-1","TRBJ2-3",1
"TRAV24","TRAJ23","TRBV5-6","TRBJ1-1",1
"TRAV24","TRAJ23","TRBV7-3","TRBJ1-1",1
"TRAV24","TRAJ23","TRBV9","TRBJ2-7",1
"TRAV24","TRAJ24","TRBV19","TRBJ2-5",1
"TRAV24","TRAJ26","TRBV28","TRBJ2-1",1
"TRAV24","TRAJ27","TRBV19","TRBJ2-7",1
"TRAV24","TRAJ27","TRBV25-1","TRBJ1-1",1
"TRAV24","TRAJ3","TRBV5-6","TRBJ2-1",1
"TRAV24","TRAJ3","TRBV6-5","TRBJ2-7",1
"TRAV24","TRAJ3","TRBV7-3","TRBJ2-1",1
"TRAV24","TRAJ30","TRBV28","TRBJ2-7",1
"TRAV24","TRAJ30","TRBV9","TRBJ1-2",1
"TRAV24","TRAJ31","TRBV19","TRBJ2-1",1
"TRAV24","TRAJ31","TRBV6-1","TRBJ2-7",1
"TRAV24","TRAJ33","TRBV10-2","TRBJ2-3",1
"TRAV24","TRAJ37","TRBV19","TRBJ1-5",1
"TRAV24","TRAJ37","TRBV19","TRBJ2-3",1
"TRAV24","TRAJ37","TRBV2","TRBJ2-1",1
"TRAV24","TRAJ37","TRBV4-1","TRBJ1-2",1
"TRAV24","TRAJ39","TRBV7-2","TRBJ2-5",1
"TRAV24","TRAJ42","TRBV19","TRBJ2-3",1
"TRAV24","TRAJ43","TRBV10-3","TRBJ2-2",1
"TRAV24","TRAJ44","TRBV19","TRBJ2-1",1
"TRAV24","TRAJ45","TRBV5-6","TRBJ2-3",1
"TRAV24","TRAJ47","TRBV10-3","TRBJ1-6",1
"TRAV24","TRAJ47","TRBV6-5","TRBJ2-5",1
"TRAV24","TRAJ49","TRBV27","TRBJ1-2",1
"TRAV24","TRAJ49","TRBV27","TRBJ2-7",1
"TRAV24","TRAJ49","TRBV30","TRBJ2-4",1
"TRAV24","TRAJ52","TRBV5-6","TRBJ1-4",1
"TRAV24","TRAJ52","TRBV7-3","TRBJ2-1",1
"TRAV24","TRAJ53","TRBV20-1","TRBJ2-7",1
"TRAV24","TRAJ53","TRBV5-6","TRBJ2-3",1
"TRAV24","TRAJ54","TRBV6-3","TRBJ1-2",1
"TRAV24","TRAV24","TRBV27","TRBJ2-1",1
"TRAV25","TRAJ11","TRBV6-5","TRBJ1-2",1
"TRAV25","TRAJ12","TRBV11-1","TRBJ2-1",1
"TRAV25","TRAJ18","TRBV28","TRBJ2-1",1
"TRAV25","TRAJ18","TRBV6-5","TRBJ1-6",1
"TRAV25","TRAJ20","TRBV10-3","TRBJ2-3",1
"TRAV25","TRAJ20","TRBV15","TRBJ1-5",1
"TRAV25","TRAJ20","TRBV6-1","TRBJ2-3",1
"TRAV25","TRAJ23","TRBV4-3","TRBJ1-4",1
"TRAV25","TRAJ24","TRBV7-3","TRBJ2-7",1
"TRAV25","TRAJ26","TRBV25-1","TRBJ1-2",1
"TRAV25","TRAJ27","TRBV4-1","TRBJ2-5",1
"TRAV25","TRAJ28","TRBV5-1","TRBJ2-7",1
"TRAV25","TRAJ30","TRBV19","TRBJ1-2",1
"TRAV25","TRAJ31","TRBV27","TRBJ2-4",1
"TRAV25","TRAJ31","TRBV6-5","TRBJ2-1",1
"TRAV25","TRAJ33","TRBV27","TRBJ2-3",1
"TRAV25","TRAJ33","TRBV5-1","TRBJ2-3",1
"TRAV25","TRAJ35","TRBV27","TRBJ2-1",1
"TRAV25","TRAJ40","TRBV6-1","TRBJ1-1",1
"TRAV25","TRAJ40","TRBV7-2","TRBJ2-1",1
"TRAV25","TRAJ42","TRBV19","TRBJ2-2",1
"TRAV25","TRAJ42","TRBV2","TRBJ2-5",1
"TRAV25","TRAJ43","TRBV27","TRBJ1-6",1
"TRAV25","TRAJ43","TRBV27","TRBJ2-1",1
"TRAV25","TRAJ44","TRBV19","TRBJ2-2",1
"TRAV25","TRAJ44","TRBV27","TRBJ2-2",1
"TRAV25","TRAJ45","TRBV28","TRBJ2-3",1
"TRAV25","TRAJ49","TRBV11-1","TRBJ1-2",1
"TRAV25","TRAJ49","TRBV27","TRBJ1-6",1
"TRAV25","TRAJ50","TRBV20-1","TRBJ2-4",1
"TRAV25","TRAJ50","TRBV25-1","TRBJ2-7",1
"TRAV25","TRAJ52","TRBV19","TRBJ1-5",1
"TRAV25","TRAJ52","TRBV19","TRBJ2-7",1
"TRAV25","TRAJ52","TRBV25-1","TRBJ2-2",1
"TRAV25","TRAJ52","TRBV6-5","TRBJ2-1",1
"TRAV25","TRAJ52","TRBV7-8","TRBJ2-2",1
"TRAV25","TRAJ53","TRBV3-1","TRBJ2-2",1
"TRAV25","TRAJ54","TRBV13","TRBJ2-3",1
"TRAV25","TRAJ54","TRBV19","TRBJ2-7",1
"TRAV25","TRAJ8","TRBV5-6","TRBJ2-3",1
"TRAV26-1","TRAJ13","TRBV7-9","TRBJ2-1",1
"TRAV26-1","TRAJ16","TRBV19","TRBJ1-1",1
"TRAV26-1","TRAJ20","TRBV7-9","TRBJ1-5",1
"TRAV26-1","TRAJ21","TRBV5-1","TRBJ1-6",1
"TRAV26-1","TRAJ21","TRBV5-1","TRBJ2-3",1
"TRAV26-1","TRAJ26","TRBV3-1","TRBJ2-3",1
"TRAV26-1","TRAJ29","TRBV5-6","TRBJ1-1",1
"TRAV26-1","TRAJ31","TRBV4-1","TRBJ1-1",1
"TRAV26-1","TRAJ31","TRBV6-1","TRBJ1-6",1
"TRAV26-1","TRAJ33","TRBV4-1","TRBJ2-1",1
"TRAV26-1","TRAJ36","TRBV9","TRBJ2-7",1
"TRAV26-1","TRAJ37","TRBV14","TRBJ2-3",1
"TRAV26-1","TRAJ39","TRBV12-3","TRBJ1-3",1
"TRAV26-1","TRAJ39","TRBV5-1","TRBJ2-5",1
"TRAV26-1","TRAJ4","TRBV2","TRBJ2-1",1
"TRAV26-1","TRAJ4","TRBV20-1","TRBJ2-1",1
"TRAV26-1","TRAJ40","TRBV7-9","TRBJ2-5",1
"TRAV26-1","TRAJ41","TRBV19","TRBJ1-1",1
"TRAV26-1","TRAJ42","TRBV10-3","TRBJ2-3",1
"TRAV26-1","TRAJ42","TRBV5-4","TRBJ1-3",1
"TRAV26-1","TRAJ43","TRBV13","TRBJ1-5",1
"TRAV26-1","TRAJ44","TRBV27","TRBJ1-5",1
"TRAV26-1","TRAJ48","TRBV7-9","TRBJ1-6",1
"TRAV26-1","TRAJ50","TRBV10-1","TRBJ2-1",1
"TRAV26-1","TRAJ54","TRBV20-1","TRBJ2-6",1
"TRAV26-1","TRAJ54","TRBV4-1","TRBJ1-2",1
"TRAV26-1","TRAJ54","TRBV5-1","TRBJ2-5",1
"TRAV26-1","TRAJ56","TRBV28","TRBJ1-3",1
"TRAV26-1","TRAJ57","TRBV20-1","TRBJ2-5",1
"TRAV26-1","TRAJ8","TRBV4-1","TRBJ1-5",1
"TRAV26-2","TRAJ12","TRBV20-1","TRBJ2-5",1
"TRAV26-2","TRAJ12","TRBV29-1","TRBJ2-2",1
"TRAV26-2","TRAJ17","TRBV13","TRBJ2-2",1
"TRAV26-2","TRAJ20","TRBV29-1","TRBJ2-7",1
"TRAV26-2","TRAJ32","TRBV24-1","TRBJ2-5",1
"TRAV26-2","TRAJ34","TRBV20-1","TRBJ1-1",1
"TRAV26-2","TRAJ36","TRBV18","TRBJ1-4",1
"TRAV26-2","TRAJ40","TRBV5-1","TRBJ2-3",1
"TRAV26-2","TRAJ41","TRBV9","TRBJ2-1",1
"TRAV26-2","TRAJ42","TRBV7-8","TRBJ1-2",1
"TRAV26-2","TRAJ43","TRBV20-1","TRBJ1-5",1
"TRAV26-2","TRAJ43","TRBV20-1","TRBJ2-5",1
"TRAV26-2","TRAJ43","TRBV30","TRBJ1-1",1
"TRAV26-2","TRAJ43","TRBV30","TRBJ2-4",1
"TRAV26-2","TRAJ43","TRBV5-1","TRBJ1-2",1
"TRAV26-2","TRAJ43","TRBV6-5","TRBJ1-2",1
"TRAV26-2","TRAJ43","TRBV7-6","TRBJ1-4",1
"TRAV26-2","TRAJ45","TRBV24-1","TRBJ2-6",1
"TRAV26-2","TRAJ45","TRBV5-6","TRBJ2-5",1
"TRAV26-2","TRAJ45","TRBV6-4","TRBJ2-7",1
"TRAV26-2","TRAJ47","TRBV13","TRBJ2-2",1
"TRAV26-2","TRAJ49","TRBV4-1","TRBJ2-7",1
"TRAV26-2","TRAJ52","TRBV28","TRBJ2-3",1
"TRAV26-2","TRAJ52","TRBV7-8","TRBJ2-7",1
"TRAV26-2","TRAJ52","TRBV9","TRBJ1-2",1
"TRAV27","TRAJ23","TRBV19","TRBJ2-1",1
"TRAV27","TRAJ23","TRBV6-1","TRBJ1-5",1
"TRAV27","TRAJ23","TRBV6-1","TRBJ2-1",1
"TRAV27","TRAJ27","TRBV19","TRBJ2-7",1
"TRAV27","TRAJ28","TRBV24-1","TRBJ2-2",1
"TRAV27","TRAJ28","TRBV9","TRBJ2-3",1
"TRAV27","TRAJ30","TRBV7-6","TRBJ2-1",1
"TRAV27","TRAJ31","TRBV27","TRBJ2-1",1
"TRAV27","TRAJ31","TRBV27","TRBJ2-7",1
"TRAV27","TRAJ34","TRBV28","TRBJ1-2",1
"TRAV27","TRAJ36","TRBV4-1","TRBJ2-7",1
"TRAV27","TRAJ36","TRBV6-3","TRBJ2-5",1
"TRAV27","TRAJ37","TRBV19","TRBJ2-1",1
"TRAV27","TRAJ40","TRBV19","TRBJ1-1",1
"TRAV27","TRAJ40","TRBV4-1","TRBJ1-5",1
"TRAV27","TRAJ42","TRBV19","TRBJ1-3",1
"TRAV27","TRAJ43","TRBV4-3","TRBJ2-1",1
"TRAV27","TRAJ43","TRBV6-6","TRBJ1-5",1
"TRAV27","TRAJ43","TRBV9","TRBJ2-3",1
"TRAV27","TRAJ45","TRBV16","TRBJ1-2",1
"TRAV27","TRAJ47","TRBV18","TRBJ1-1",1
"TRAV27","TRAJ49","TRBV19","TRBJ2-7",1
"TRAV27","TRAJ52","TRBV20-1","TRBJ1-2",1
"TRAV27","TRAJ52","TRBV4-1","TRBJ2-2",1
"TRAV27","TRAJ52","TRBV5-5","TRBJ1-1",1
"TRAV27","TRAJ9","TRBV7-8","TRBJ2-2",1
"TRAV27","TRAV27","TRBV19","TRBJ2-2",1
"TRAV27","TRAV27","TRBV19","TRBJ2-3",1
"TRAV29/DV5","TRAJ10","TRBV3-1","TRBJ2-1",1
"TRAV29/DV5","TRAJ10","TRBV6-5","TRBJ1-2",1
"TRAV29/DV5","TRAJ18","TRBV28","TRBJ2-2",1
"TRAV29/DV5","TRAJ20","TRBV19","TRBJ2-1",1
"TRAV29/DV5","TRAJ20","TRBV19","TRBJ2-7",1
"TRAV29/DV5","TRAJ21","TRBV28","TRBJ2-7",1
"TRAV29/DV5","TRAJ23","TRBV5-4","TRBJ2-1",1
"TRAV29/DV5","TRAJ23","TRBV9","TRBJ2-2",1
"TRAV29/DV5","TRAJ26","TRBV3-1","TRBJ2-7",1
"TRAV29/DV5","TRAJ26","TRBV7-9","TRBJ2-1",1
"TRAV29/DV5","TRAJ28","TRBV9","TRBJ1-5",1
"TRAV29/DV5","TRAJ29","TRBV12-4","TRBJ2-2",1
"TRAV29/DV5","TRAJ29","TRBV2","TRBJ1-3",1
"TRAV29/DV5","TRAJ29","TRBV29-1","TRBJ2-3",1
"TRAV29/DV5","TRAJ29","TRBV4-2","TRBJ2-2",1
"TRAV29/DV5","TRAJ29","TRBV7-9","TRBJ1-2",1
"TRAV29/DV5","TRAJ30","TRBV11-3","TRBJ2-3",1
"TRAV29/DV5","TRAJ30","TRBV6-5","TRBJ2-1",1
"TRAV29/DV5","TRAJ31","TRBV7-9","TRBJ2-7",1
"TRAV29/DV5","TRAJ32","TRBV2","TRBJ2-7",1
"TRAV29/DV5","TRAJ33","TRBV6-1","TRBJ2-7",1
"TRAV29/DV5","TRAJ34","TRBV10-3","TRBJ2-7",1
"TRAV29/DV5","TRAJ34","TRBV27","TRBJ1-1",1
"TRAV29/DV5","TRAJ36","TRBV4-3","TRBJ1-3",1
"TRAV29/DV5","TRAJ36","TRBV6-5","TRBJ1-2",1
"TRAV29/DV5","TRAJ36","TRBV7-2","TRBJ1-3",1
"TRAV29/DV5","TRAJ37","TRBV19","TRBJ2-7",1
"TRAV29/DV5","TRAJ37","TRBV7-8","TRBJ1-2",1
"TRAV29/DV5","TRAJ39","TRBV14","TRBJ2-5",1
"TRAV29/DV5","TRAJ39","TRBV18","TRBJ1-2",1
"TRAV29/DV5","TRAJ39","TRBV19","TRBJ1-1",1
"TRAV29/DV5","TRAJ39","TRBV28","TRBJ2-7",1
"TRAV29/DV5","TRAJ40","TRBV13","TRBJ1-1",1
"TRAV29/DV5","TRAJ40","TRBV4-2","TRBJ2-7",1
"TRAV29/DV5","TRAJ41","TRBV9","TRBJ1-2",1
"TRAV29/DV5","TRAJ42","TRBV19","TRBJ1-2",1
"TRAV29/DV5","TRAJ42","TRBV27","TRBJ2-5",1
"TRAV29/DV5","TRAJ42","TRBV7-2","TRBJ1-2",1
"TRAV29/DV5","TRAJ43","TRBV18","TRBJ2-6",1
"TRAV29/DV5","TRAJ43","TRBV6-4","TRBJ2-1",1
"TRAV29/DV5","TRAJ45","TRBV2","TRBJ1-5",1
"TRAV29/DV5","TRAJ45","TRBV27","TRBJ2-1",1
"TRAV29/DV5","TRAJ47","TRBV5-6","TRBJ1-6",1
"TRAV29/DV5","TRAJ47","TRBV9","TRBJ2-1",1
"TRAV29/DV5","TRAJ48","TRBV5-1","TRBJ2-2",1
"TRAV29/DV5","TRAJ48","TRBV7-9","TRBJ2-1",1
"TRAV29/DV5","TRAJ49","TRBV11-2","TRBJ2-2",1
"TRAV29/DV5","TRAJ49","TRBV12-4","TRBJ2-1",1
"TRAV29/DV5","TRAJ49","TRBV19","TRBJ2-7",1
"TRAV29/DV5","TRAJ49","TRBV27","TRBJ2-1",1
"TRAV29/DV5","TRAJ49","TRBV27","TRBJ2-7",1
"TRAV29/DV5","TRAJ49","TRBV6-5","TRBJ1-2",1
"TRAV29/DV5","TRAJ49","TRBV7-2","TRBJ1-1",1
"TRAV29/DV5","TRAJ50","TRBV9","TRBJ2-1",1
"TRAV29/DV5","TRAJ52","TRBV10-1","TRBJ2-2",1
"TRAV29/DV5","TRAJ52","TRBV5-8","TRBJ2-7",1
"TRAV29/DV5","TRAJ52","TRBV6-5","TRBJ2-3",1
"TRAV29/DV5","TRAJ53","TRBV24-1","TRBJ2-1",1
"TRAV29/DV5","TRAJ53","TRBV28","TRBJ2-1",1
"TRAV29/DV5","TRAJ53","TRBV3-1","TRBJ1-2",1
"TRAV29/DV5","TRAJ53","TRBV30","TRBJ1-2",1
"TRAV29/DV5","TRAJ53","TRBV5-1","TRBJ1-2",1
"TRAV29/DV5","TRAJ53","TRBV5-8","TRBJ1-2",1
"TRAV29/DV5","TRAJ53","TRBV6-2","TRBJ2-7",1
"TRAV29/DV5","TRAJ53","TRBV7-9","TRBJ1-1",1
"TRAV29/DV5","TRAJ54","TRBV3-1","TRBJ2-4",1
"TRAV29/DV5","TRAJ54","TRBV6-5","TRBJ2-7",1
"TRAV29/DV5","TRAJ57","TRBV15","TRBJ2-3",1
"TRAV29/DV5","TRAJ57","TRBV5-1","TRBJ2-4",1
"TRAV29/DV5","TRAJ7","TRBV30","TRBJ2-2",1
"TRAV29/DV5","TRDJ1","TRBV7-9","TRBJ2-7",1
"TRAV29/DV5","TRDJ4","TRBV12-4","TRBJ1-2",1
"TRAV3","TRAJ10","TRBV28","TRBJ2-1",1
"TRAV3","TRAJ11","TRBV19","TRBJ2-7",1
"TRAV3","TRAJ11","TRBV5-6","TRBJ1-5",1
"TRAV3","TRAJ11","TRBV9","TRBJ2-7",1
"TRAV3","TRAJ12","TRBV10-3","TRBJ2-7",1
"TRAV3","TRAJ12","TRBV12-3","TRBJ2-5",1
"TRAV3","TRAJ12","TRBV27","TRBJ1-4",1
"TRAV3","TRAJ13","TRBV13","TRBJ2-3",1
"TRAV3","TRAJ13","TRBV16","TRBJ2-7",1
"TRAV3","TRAJ13","TRBV6-2","TRBJ2-1",1
"TRAV3","TRAJ13","TRBV6-6","TRBJ2-3",1
"TRAV3","TRAJ15","TRBV28","TRBJ2-1",1
"TRAV3","TRAJ15","TRBV9","TRBJ2-1",1
"TRAV3","TRAJ18","TRBV27","TRBJ2-7",1
"TRAV3","TRAJ20","TRBV28","TRBJ1-1",1
"TRAV3","TRAJ20","TRBV29-1","TRBJ1-4",1
"TRAV3","TRAJ20","TRBV6-1","TRBJ2-1",1
"TRAV3","TRAJ21","TRBV5-4","TRBJ2-5",1
"TRAV3","TRAJ21","TRBV7-2","TRBJ2-1",1
"TRAV3","TRAJ23","TRBV24-1","TRBJ2-3",1
"TRAV3","TRAJ23","TRBV27","TRBJ2-4",1
"TRAV3","TRAJ24","TRBV3-1","TRBJ2-3",1
"TRAV3","TRAJ26","TRBV10-1","TRBJ2-7",1
"TRAV3","TRAJ26","TRBV12-4","TRBJ1-5",1
"TRAV3","TRAJ26","TRBV27","TRBJ2-1",1
"TRAV3","TRAJ26","TRBV4-3","TRBJ2-4",1
"TRAV3","TRAJ27","TRBV18","TRBJ2-2",1
"TRAV3","TRAJ27","TRBV19","TRBJ2-1",1
"TRAV3","TRAJ27","TRBV19","TRBJ2-7",1
"TRAV3","TRAJ28","TRBV2","TRBJ2-3",1
"TRAV3","TRAJ28","TRBV29-1","TRBJ2-3",1
"TRAV3","TRAJ28","TRBV7-3","TRBJ2-3",1
"TRAV3","TRAJ29","TRBV6-1","TRBJ2-4",1
"TRAV3","TRAJ29","TRBV6-5","TRBJ2-1",1
"TRAV3","TRAJ3","TRBV27","TRBJ2-2",1
"TRAV3","TRAJ3","TRBV5-6","TRBJ2-7",1
"TRAV3","TRAJ3","TRBV6-1","TRBJ2-7",1
"TRAV3","TRAJ3","TRBV6-2","TRBJ1-1",1
"TRAV3","TRAJ30","TRBV25-1","TRBJ1-6",1
"TRAV3","TRAJ31","TRBV12-3","TRBJ2-1",1
"TRAV3","TRAJ31","TRBV12-3","TRBJ2-2",1
"TRAV3","TRAJ31","TRBV12-3","TRBJ2-7",1
"TRAV3","TRAJ31","TRBV25-1","TRBJ2-1",1
"TRAV3","TRAJ31","TRBV28","TRBJ2-3",1
"TRAV3","TRAJ31","TRBV6-1","TRBJ1-5",1
"TRAV3","TRAJ31","TRBV9","TRBJ2-1",1
"TRAV3","TRAJ33","TRBV27","TRBJ1-2",1
"TRAV3","TRAJ34","TRBV27","TRBJ2-3",1
"TRAV3","TRAJ34","TRBV28","TRBJ2-1",1
"TRAV3","TRAJ34","TRBV5-6","TRBJ1-2",1
"TRAV3","TRAJ34","TRBV6-5","TRBJ2-5",1
"TRAV3","TRAJ35","TRBV27","TRBJ1-4",1
"TRAV3","TRAJ35","TRBV27","TRBJ1-6",1
"TRAV3","TRAJ35","TRBV6-5","TRBJ2-2",1
"TRAV3","TRAJ36","TRBV19","TRBJ1-2",1
"TRAV3","TRAJ36","TRBV19","TRBJ2-5",1
"TRAV3","TRAJ36","TRBV19","TRBJ2-7",1
"TRAV3","TRAJ37","TRBV19","TRBJ2-3",1
"TRAV3","TRAJ37","TRBV19","TRBJ2-5",1
"TRAV3","TRAJ37","TRBV19","TRBJ2-7",1
"TRAV3","TRAJ38","TRBV20-1","TRBJ2-3",1
"TRAV3","TRAJ38","TRBV27","TRBJ2-7",1
"TRAV3","TRAJ39","TRBV19","TRBJ2-1",1
"TRAV3","TRAJ39","TRBV27","TRBJ2-1",1
"TRAV3","TRAJ39","TRBV28","TRBJ2-3",1
"TRAV3","TRAJ39","TRBV4-3","TRBJ2-3",1
"TRAV3","TRAJ4","TRBV28","TRBJ2-1",1
"TRAV3","TRAJ4","TRBV28","TRBJ2-3",1
"TRAV3","TRAJ4","TRBV28","TRBJ2-7",1
"TRAV3","TRAJ4","TRBV6-2","TRBJ2-2",1
"TRAV3","TRAJ40","TRBV27","TRBJ2-3",1
"TRAV3","TRAJ40","TRBV27","TRBJ2-5",1
"TRAV3","TRAJ40","TRBV27","TRBJ2-7",1
"TRAV3","TRAJ40","TRBV28","TRBJ2-1",1
"TRAV3","TRAJ40","TRBV30","TRBJ2-5",1
"TRAV3","TRAJ41","TRBV25-1","TRBJ1-2",1
"TRAV3","TRAJ42","TRBV25-1","TRBJ2-7",1
"TRAV3","TRAJ42","TRBV27","TRBJ2-3",1
"TRAV3","TRAJ42","TRBV28","TRBJ2-5",1
"TRAV3","TRAJ43","TRBV2","TRBJ1-5",1
"TRAV3","TRAJ43","TRBV3-1","TRBJ1-6",1
"TRAV3","TRAJ44","TRBV27","TRBJ2-4",1
"TRAV3","TRAJ45","TRBV28","TRBJ2-2",1
"TRAV3","TRAJ45","TRBV6-5","TRBJ1-1",1
"TRAV3","TRAJ45","TRBV6-5","TRBJ2-2",1
"TRAV3","TRAJ47","TRBV19","TRBJ1-2",1
"TRAV3","TRAJ47","TRBV19","TRBJ2-1",1
"TRAV3","TRAJ47","TRBV5-8","TRBJ2-2",1
"TRAV3","TRAJ48","TRBV20-1","TRBJ2-1",1
"TRAV3","TRAJ49","TRBV19","TRBJ1-2",1
"TRAV3","TRAJ49","TRBV27","TRBJ2-5",1
"TRAV3","TRAJ49","TRBV28","TRBJ2-1",1
"TRAV3","TRAJ5","TRBV27","TRBJ1-3",1
"TRAV3","TRAJ5","TRBV9","TRBJ2-3",1
"TRAV3","TRAJ6","TRBV27","TRBJ2-3",1
"TRAV3","TRAJ8","TRBV27","TRBJ1-1",1
"TRAV3","TRAJ8","TRBV5-1","TRBJ2-5",1
"TRAV3","TRAJ9","TRBV20-1","TRBJ2-7",1
"TRAV3","TRAV3","TRBV29-1","TRBJ2-1",1
"TRAV30","TRAJ13","TRBV19","TRBJ1-1",1
"TRAV30","TRAJ23","TRBV20-1","TRBJ2-3",1
"TRAV30","TRAJ39","TRBV11-2","TRBJ1-2",1
"TRAV30","TRAJ42","TRBV9","TRBJ2-3",1
"TRAV30","TRAJ43","TRBV5-4","TRBJ2-7",1
"TRAV30","TRAJ49","TRBV13","TRBJ2-1",1
"TRAV30","TRAJ49","TRBV27","TRBJ1-2",1
"TRAV30","TRAV30","TRBV19","TRBJ2-3",1
"TRAV34","TRAJ26","TRBV19","TRBJ1-2",1
"TRAV34","TRAJ30","TRBV12-3","TRBJ2-3",1
"TRAV34","TRAJ34","TRBV25-1","TRBJ2-1",1
"TRAV34","TRAJ49","TRBV18","TRBJ2-1",1
"TRAV34","TRAJ52","TRBV19","TRBJ1-2",1
"TRAV34","TRAJ54","TRBV6-5","TRBJ2-5",1
"TRAV35","TRAJ17","TRBV29-1","TRBJ2-1",1
"TRAV35","TRAJ20","TRBV7-9","TRBJ1-1",1
"TRAV35","TRAJ26","TRBV18","TRBJ1-3",1
"TRAV35","TRAJ28","TRBV5-1","TRBJ2-5",1
"TRAV35","TRAJ30","TRBV7-7","TRBJ2-7",1
"TRAV35","TRAJ33","TRBV19","TRBJ1-5",1
"TRAV35","TRAJ36","TRBV19","TRBJ2-7",1
"TRAV35","TRAJ37","TRBV27","TRBJ1-1",1
"TRAV35","TRAJ37","TRBV27","TRBJ2-2",1
"TRAV35","TRAJ37","TRBV27","TRBJ2-7",1
"TRAV35","TRAJ37","TRBV4-1","TRBJ2-1",1
"TRAV35","TRAJ37","TRBV5-5","TRBJ2-2",1
"TRAV35","TRAJ40","TRBV13","TRBJ2-1",1
"TRAV35","TRAJ40","TRBV28","TRBJ2-1",1
"TRAV35","TRAJ42","TRBV12-4","TRBJ1-2",1
"TRAV35","TRAJ42","TRBV19","TRBJ2-3",1
"TRAV35","TRAJ42","TRBV19","TRBJ2-5",1
"TRAV35","TRAJ42","TRBV5-6","TRBJ2-7",1
"TRAV35","TRAJ43","TRBV3-1","TRBJ2-2",1
"TRAV35","TRAJ48","TRBV12-3","TRBJ1-2",1
"TRAV35","TRAJ48","TRBV29-1","TRBJ2-2",1
"TRAV35","TRAJ49","TRBV10-3","TRBJ1-5",1
"TRAV35","TRAJ49","TRBV11-2","TRBJ1-2",1
"TRAV35","TRAJ50","TRBV20-1","TRBJ2-1",1
"TRAV35","TRAJ52","TRBV12-4","TRBJ2-1",1
"TRAV35","TRAJ52","TRBV27","TRBJ2-3",1
"TRAV35","TRAJ52","TRBV29-1","TRBJ2-7",1
"TRAV35","TRAJ53","TRBV9","TRBJ1-4",1
"TRAV35","TRAJ54","TRBV7-9","TRBJ2-1",1
"TRAV35","TRAJ8","TRBV12-4","TRBJ2-3",1
"TRAV35","TRAV35","TRBV19","TRBJ2-2",1
"TRAV36/DV7","TRAJ17","TRBV13","TRBJ2-2",1
"TRAV36/DV7","TRAJ26","TRBV20-1","TRBJ2-5",1
"TRAV36/DV7","TRAJ28","TRBV28","TRBJ1-4",1
"TRAV36/DV7","TRAJ32","TRBV18","TRBJ2-1",1
"TRAV36/DV7","TRAJ32","TRBV18","TRBJ2-2",1
"TRAV36/DV7","TRAJ37","TRBV10-2","TRBJ2-1",1
"TRAV36/DV7","TRAJ40","TRBV2","TRBJ2-3",1
"TRAV36/DV7","TRAJ44","TRBV10-1","TRBJ2-5",1
"TRAV36/DV7","TRAJ52","TRBV20-1","TRBJ2-2",1
"TRAV36/DV7","TRAJ56","TRBV19","TRBJ1-5",1
"TRAV38-1","TRAJ13","TRBV13","TRBJ2-1",1
"TRAV38-1","TRAJ17","TRBV15","TRBJ1-5",1
"TRAV38-1","TRAJ23","TRBV10-2","TRBJ2-2",1
"TRAV38-1","TRAJ26","TRBV25-1","TRBJ1-1",1
"TRAV38-1","TRAJ26","TRBV28","TRBJ2-2",1
"TRAV38-1","TRAJ28","TRBV3-1","TRBJ2-5",1
"TRAV38-1","TRAJ29","TRBV7-6","TRBJ2-7",1
"TRAV38-1","TRAJ31","TRBV3-1","TRBJ2-7",1
"TRAV38-1","TRAJ37","TRBV19","TRBJ2-1",1
"TRAV38-1","TRAJ40","TRBV15","TRBJ2-1",1
"TRAV38-1","TRAJ43","TRBV19","TRBJ2-1",1
"TRAV38-1","TRAJ43","TRBV2","TRBJ2-7",1
"TRAV38-1","TRAJ44","TRBV4-3","TRBJ2-1",1
"TRAV38-1","TRAJ44","TRBV7-3","TRBJ1-1",1
"TRAV38-1","TRAJ44","TRBV7-9","TRBJ1-6",1
"TRAV38-1","TRAJ45","TRBV13","TRBJ2-1",1
"TRAV38-1","TRAJ45","TRBV27","TRBJ2-3",1
"TRAV38-1","TRAJ45","TRBV3-1","TRBJ2-2",1
"TRAV38-1","TRAJ45","TRBV3-1","TRBJ2-3",1
"TRAV38-1","TRAJ47","TRBV12-4","TRBJ2-7",1
"TRAV38-1","TRAJ49","TRBV6-5","TRBJ2-7",1
"TRAV38-1","TRAJ52","TRBV2","TRBJ2-1",1
"TRAV38-1","TRAJ52","TRBV6-2","TRBJ2-1",1
"TRAV38-1","TRAJ53","TRBV7-9","TRBJ2-1",1
"TRAV38-1","TRAJ53","TRBV9","TRBJ2-3",1
"TRAV38-1","TRAJ54","TRBV27","TRBJ1-2",1
"TRAV38-1","TRAJ54","TRBV30","TRBJ1-3",1
"TRAV38-1","TRAJ54","TRBV5-1","TRBJ2-3",1
"TRAV38-1","TRAJ54","TRBV5-8","TRBJ2-7",1
"TRAV38-1","TRAJ54","TRBV6-1","TRBJ1-2",1
"TRAV38-1","TRAJ56","TRBV5-4","TRBJ2-5",1
"TRAV38-1","TRAJ57","TRBV28","TRBJ2-5",1
"TRAV38-1","TRAJ57","TRBV7-9","TRBJ1-1",1
"TRAV38-2/DV8","TRAJ12","TRBV2","TRBJ2-2",1
"TRAV38-2/DV8","TRAJ12","TRBV6-2","TRBJ2-1",1
"TRAV38-2/DV8","TRAJ12","TRBV7-9","TRBJ1-6",1
"TRAV38-2/DV8","TRAJ16","TRBV9","TRBJ2-3",1
"TRAV38-2/DV8","TRAJ20","TRBV18","TRBJ2-1",1
"TRAV38-2/DV8","TRAJ20","TRBV19","TRBJ2-7",1
"TRAV38-2/DV8","TRAJ21","TRBV27","TRBJ2-5",1
"TRAV38-2/DV8","TRAJ26","TRBV6-5","TRBJ2-7",1
"TRAV38-2/DV8","TRAJ28","TRBV19","TRBJ1-2",1
"TRAV38-2/DV8","TRAJ28","TRBV2","TRBJ1-5",1
"TRAV38-2/DV8","TRAJ28","TRBV27","TRBJ2-2",1
"TRAV38-2/DV8","TRAJ29","TRBV25-1","TRBJ1-2",1
"TRAV38-2/DV8","TRAJ29","TRBV27","TRBJ1-5",1
"TRAV38-2/DV8","TRAJ29","TRBV28","TRBJ1-5",1
"TRAV38-2/DV8","TRAJ30","TRBV19","TRBJ1-2",1
"TRAV38-2/DV8","TRAJ30","TRBV19","TRBJ1-5",1
"TRAV38-2/DV8","TRAJ30","TRBV19","TRBJ2-1",1
"TRAV38-2/DV8","TRAJ30","TRBV19","TRBJ2-7",1
"TRAV38-2/DV8","TRAJ30","TRBV25-1","TRBJ1-1",1
"TRAV38-2/DV8","TRAJ30","TRBV25-1","TRBJ2-5",1
"TRAV38-2/DV8","TRAJ30","TRBV25-1","TRBJ2-7",1
"TRAV38-2/DV8","TRAJ30","TRBV27","TRBJ2-1",1
"TRAV38-2/DV8","TRAJ30","TRBV28","TRBJ1-5",1
"TRAV38-2/DV8","TRAJ30","TRBV28","TRBJ2-1",1
"TRAV38-2/DV8","TRAJ30","TRBV6-2","TRBJ2-1",1
"TRAV38-2/DV8","TRAJ30","TRBV6-5","TRBJ1-1",1
"TRAV38-2/DV8","TRAJ31","TRBV12-3","TRBJ2-3",1
"TRAV38-2/DV8","TRAJ31","TRBV27","TRBJ1-2",1
"TRAV38-2/DV8","TRAJ31","TRBV27","TRBJ2-1",1
"TRAV38-2/DV8","TRAJ33","TRBV12-5","TRBJ2-1",1
"TRAV38-2/DV8","TRAJ33","TRBV19","TRBJ2-2",1
"TRAV38-2/DV8","TRAJ33","TRBV27","TRBJ1-1",1
"TRAV38-2/DV8","TRAJ33","TRBV27","TRBJ1-5",1
"TRAV38-2/DV8","TRAJ33","TRBV27","TRBJ2-1",1
"TRAV38-2/DV8","TRAJ34","TRBV12-5","TRBJ1-4",1
"TRAV38-2/DV8","TRAJ34","TRBV6-5","TRBJ2-6",1
"TRAV38-2/DV8","TRAJ36","TRBV2","TRBJ2-7",1
"TRAV38-2/DV8","TRAJ37","TRBV19","TRBJ2-7",1
"TRAV38-2/DV8","TRAJ39","TRBV13","TRBJ1-1",1
"TRAV38-2/DV8","TRAJ39","TRBV27","TRBJ1-5",1
"TRAV38-2/DV8","TRAJ39","TRBV27","TRBJ2-3",1
"TRAV38-2/DV8","TRAJ39","TRBV4-2","TRBJ2-1",1
"TRAV38-2/DV8","TRAJ39","TRBV6-1","TRBJ1-6",1
"TRAV38-2/DV8","TRAJ39","TRBV6-8","TRBJ2-6",1
"TRAV38-2/DV8","TRAJ39","TRBV7-9","TRBJ2-7",1
"TRAV38-2/DV8","TRAJ40","TRBV14","TRBJ2-1",1
"TRAV38-2/DV8","TRAJ40","TRBV25-1","TRBJ1-3",1
"TRAV38-2/DV8","TRAJ40","TRBV27","TRBJ2-1",1
"TRAV38-2/DV8","TRAJ40","TRBV28","TRBJ2-3",1
"TRAV38-2/DV8","TRAJ40","TRBV7-2","TRBJ2-7",1
"TRAV38-2/DV8","TRAJ41","TRBV25-1","TRBJ2-5",1
"TRAV38-2/DV8","TRAJ41","TRBV27","TRBJ2-1",1
"TRAV38-2/DV8","TRAJ42","TRBV10-2","TRBJ2-2",1
"TRAV38-2/DV8","TRAJ42","TRBV13","TRBJ2-5",1
"TRAV38-2/DV8","TRAJ42","TRBV19","TRBJ2-2",1
"TRAV38-2/DV8","TRAJ42","TRBV25-1","TRBJ1-1",1
"TRAV38-2/DV8","TRAJ42","TRBV27","TRBJ2-5",1
"TRAV38-2/DV8","TRAJ42","TRBV6-1","TRBJ2-3",1
"TRAV38-2/DV8","TRAJ42","TRBV6-1","TRBJ2-7",1
"TRAV38-2/DV8","TRAJ42","TRBV6-2","TRBJ1-5",1
"TRAV38-2/DV8","TRAJ42","TRBV7-8","TRBJ2-5",1
"TRAV38-2/DV8","TRAJ43","TRBV10-3","TRBJ2-1",1
"TRAV38-2/DV8","TRAJ43","TRBV11-2","TRBJ1-1",1
"TRAV38-2/DV8","TRAJ43","TRBV13","TRBJ1-2",1
"TRAV38-2/DV8","TRAJ43","TRBV14","TRBJ1-1",1
"TRAV38-2/DV8","TRAJ43","TRBV25-1","TRBJ1-2",1
"TRAV38-2/DV8","TRAJ43","TRBV27","TRBJ1-2",1
"TRAV38-2/DV8","TRAJ43","TRBV27","TRBJ2-7",1
"TRAV38-2/DV8","TRAJ43","TRBV6-2","TRBJ2-1",1
"TRAV38-2/DV8","TRAJ43","TRBV6-5","TRBJ1-6",1
"TRAV38-2/DV8","TRAJ43","TRBV9","TRBJ1-2",1
"TRAV38-2/DV8","TRAJ44","TRBV12-3","TRBJ2-4",1
"TRAV38-2/DV8","TRAJ44","TRBV4-3","TRBJ2-1",1
"TRAV38-2/DV8","TRAJ45","TRBV11-2","TRBJ2-1",1
"TRAV38-2/DV8","TRAJ45","TRBV19","TRBJ2-1",1
"TRAV38-2/DV8","TRAJ45","TRBV2","TRBJ2-3",1
"TRAV38-2/DV8","TRAJ45","TRBV25-1","TRBJ1-2",1
"TRAV38-2/DV8","TRAJ45","TRBV27","TRBJ1-6",1
"TRAV38-2/DV8","TRAJ45","TRBV28","TRBJ1-2",1
"TRAV38-2/DV8","TRAJ45","TRBV6-2","TRBJ2-1",1
"TRAV38-2/DV8","TRAJ45","TRBV6-6","TRBJ2-2",1
"TRAV38-2/DV8","TRAJ47","TRBV27","TRBJ2-3",1
"TRAV38-2/DV8","TRAJ47","TRBV29-1","TRBJ1-2",1
"TRAV38-2/DV8","TRAJ47","TRBV9","TRBJ1-1",1
"TRAV38-2/DV8","TRAJ48","TRBV30","TRBJ1-4",1
"TRAV38-2/DV8","TRAJ49","TRBV18","TRBJ1-6",1
"TRAV38-2/DV8","TRAJ49","TRBV24-1","TRBJ2-3",1
"TRAV38-2/DV8","TRAJ49","TRBV25-1","TRBJ1-1",1
"TRAV38-2/DV8","TRAJ49","TRBV25-1","TRBJ2-2",1
"TRAV38-2/DV8","TRAJ49","TRBV28","TRBJ1-5",1
"TRAV38-2/DV8","TRAJ49","TRBV6-5","TRBJ1-1",1
"TRAV38-2/DV8","TRAJ49","TRBV6-6","TRBJ2-7",1
"TRAV38-2/DV8","TRAJ52","TRBV2","TRBJ2-7",1
"TRAV38-2/DV8","TRAJ52","TRBV27","TRBJ2-1",1
"TRAV38-2/DV8","TRAJ52","TRBV4-1","TRBJ2-7",1
"TRAV38-2/DV8","TRAJ53","TRBV12-3","TRBJ1-2",1
"TRAV38-2/DV8","TRAJ53","TRBV12-4","TRBJ2-7",1
"TRAV38-2/DV8","TRAJ53","TRBV19","TRBJ2-1",1
"TRAV38-2/DV8","TRAJ53","TRBV27","TRBJ1-5",1
"TRAV38-2/DV8","TRAJ54","TRBV25-1","TRBJ1-1",1
"TRAV38-2/DV8","TRAJ54","TRBV28","TRBJ1-4",1
"TRAV38-2/DV8","TRAJ54","TRBV30","TRBJ1-1",1
"TRAV38-2/DV8","TRAJ57","TRBV12-4","TRBJ2-6",1
"TRAV38-2/DV8","TRAJ57","TRBV4-1","TRBJ1-5",1
"TRAV38-2/DV8","TRAJ57","TRBV7-9","TRBJ1-6",1
"TRAV38-2/DV8","TRAJ9","TRBV28","TRBJ2-1",1
"TRAV38-2/DV8","TRAV38-2/DV8","TRBV19","TRBJ1-2",1
"TRAV38-2/DV8","TRDJ1","TRBV25-1","TRBJ2-7",1
"TRAV38-2/DV8","TRDJ1","TRBV9","TRBJ2-3",1
"TRAV38-2/DV8","TRDJ2","TRBV10-3","TRBJ1-6",1
"TRAV38-2/DV8","TRDJ2","TRBV12-3","TRBJ2-3",1
"TRAV38-2/DV8","TRDJ2","TRBV27","TRBJ2-2",1
"TRAV38-2/DV8","TRDJ2","TRBV5-6","TRBJ2-7",1
"TRAV38-2/DV8","TRDJ2","TRBV6-3","TRBJ1-1",1
"TRAV38-2/DV8","TRDJ2","TRBV6-3","TRBJ2-3",1
"TRAV38-2/DV8","TRDJ2","TRBV6-3","TRBJ2-7",1
"TRAV38-2/DV8","TRDJ4","TRBV12-3","TRBJ2-3",1
"TRAV38-2/DV8","TRDJ4","TRBV4-3","TRBJ2-7",1
"TRAV39","TRAJ12","TRBV5-4","TRBJ2-7",1
"TRAV39","TRAJ16","TRBV5-6","TRBJ1-3",1
"TRAV39","TRAJ17","TRBV28","TRBJ1-6",1
"TRAV39","TRAJ20","TRBV19","TRBJ2-3",1
"TRAV39","TRAJ29","TRBV7-2","TRBJ2-3",1
"TRAV39","TRAJ31","TRBV28","TRBJ2-7",1
"TRAV39","TRAJ32","TRBV9","TRBJ2-6",1
"TRAV39","TRAJ33","TRBV5-6","TRBJ2-7",1
"TRAV39","TRAJ33","TRBV6-5","TRBJ2-2",1
"TRAV39","TRAJ34","TRBV4-1","TRBJ2-7",1
"TRAV39","TRAJ39","TRBV10-2","TRBJ2-1",1
"TRAV39","TRAJ39","TRBV29-1","TRBJ1-2",1
"TRAV39","TRAJ41","TRBV27","TRBJ2-2",1
"TRAV39","TRAJ41","TRBV28","TRBJ1-2",1
"TRAV39","TRAJ41","TRBV28","TRBJ1-4",1
"TRAV39","TRAJ43","TRBV12-4","TRBJ2-1",1
"TRAV39","TRAJ43","TRBV6-5","TRBJ1-6",1
"TRAV39","TRAJ47","TRBV27","TRBJ2-3",1
"TRAV39","TRAJ57","TRBV25-1","TRBJ1-2",1
"TRAV39","TRAJ58","TRBV7-6","TRBJ1-2",1
"TRAV4","TRAJ11","TRBV18","TRBJ2-1",1
"TRAV4","TRAJ12","TRBV5-6","TRBJ2-1",1
"TRAV4","TRAJ15","TRBV20-1","TRBJ1-5",1
"TRAV4","TRAJ15","TRBV5-6","TRBJ1-5",1
"TRAV4","TRAJ20","TRBV2","TRBJ2-2",1
"TRAV4","TRAJ20","TRBV27","TRBJ2-1",1
"TRAV4","TRAJ21","TRBV28","TRBJ2-3",1
"TRAV4","TRAJ23","TRBV29-1","TRBJ2-2",1
"TRAV4","TRAJ23","TRBV7-9","TRBJ1-2",1
"TRAV4","TRAJ26","TRBV15","TRBJ1-2",1
"TRAV4","TRAJ26","TRBV27","TRBJ2-1",1
"TRAV4","TRAJ28","TRBV2","TRBJ1-4",1
"TRAV4","TRAJ28","TRBV5-1","TRBJ2-3",1
"TRAV4","TRAJ3","TRBV5-1","TRBJ2-2",1
"TRAV4","TRAJ3","TRBV5-1","TRBJ2-3",1
"TRAV4","TRAJ3","TRBV9","TRBJ2-3",1
"TRAV4","TRAJ30","TRBV7-9","TRBJ1-1",1
"TRAV4","TRAJ32","TRBV14","TRBJ1-5",1
"TRAV4","TRAJ33","TRBV27","TRBJ1-5",1
"TRAV4","TRAJ34","TRBV4-2","TRBJ2-7",1
"TRAV4","TRAJ36","TRBV7-2","TRBJ2-7",1
"TRAV4","TRAJ38","TRBV24-1","TRBJ2-1",1
"TRAV4","TRAJ39","TRBV2","TRBJ1-4",1
"TRAV4","TRAJ39","TRBV4-1","TRBJ2-7",1
"TRAV4","TRAJ39","TRBV5-6","TRBJ1-1",1
"TRAV4","TRAJ39","TRBV6-5","TRBJ1-3",1
"TRAV4","TRAJ4","TRBV27","TRBJ1-2",1
"TRAV4","TRAJ4","TRBV27","TRBJ2-2",1
"TRAV4","TRAJ4","TRBV28","TRBJ1-2",1
"TRAV4","TRAJ4","TRBV5-1","TRBJ2-5",1
"TRAV4","TRAJ4","TRBV6-1","TRBJ1-2",1
"TRAV4","TRAJ4","TRBV6-1","TRBJ2-2",1
"TRAV4","TRAJ4","TRBV6-5","TRBJ2-1",1
"TRAV4","TRAJ4","TRBV6-6","TRBJ2-1",1
"TRAV4","TRAJ41","TRBV7-2","TRBJ1-2",1
"TRAV4","TRAJ42","TRBV10-3","TRBJ1-3",1
"TRAV4","TRAJ42","TRBV28","TRBJ2-3",1
"TRAV4","TRAJ42","TRBV6-5","TRBJ2-1",1
"TRAV4","TRAJ43","TRBV15","TRBJ1-2",1
"TRAV4","TRAJ43","TRBV27","TRBJ2-7",1
"TRAV4","TRAJ43","TRBV4-1","TRBJ2-7",1
"TRAV4","TRAJ43","TRBV6-3","TRBJ1-4",1
"TRAV4","TRAJ45","TRBV16","TRBJ2-7",1
"TRAV4","TRAJ6","TRBV28","TRBJ2-1",1
"TRAV4","TRAJ6","TRBV9","TRBJ2-7",1
"TRAV4","TRAJ8","TRBV29-1","TRBJ2-2",1
"TRAV4","TRAJ8","TRBV5-1","TRBJ1-2",1
"TRAV4","TRAJ8","TRBV9","TRBJ2-1",1
"TRAV4","TRAJ9","TRBV11-2","TRBJ2-7",1
"TRAV4","TRAJ9","TRBV28","TRBJ2-3",1
"TRAV4","TRAJ9","TRBV28","TRBJ2-7",1
"TRAV4","TRAJ9","TRBV4-1","TRBJ1-2",1
"TRAV4","TRAJ9","TRBV6-1","TRBJ1-5",1
"TRAV40","TRAJ32","TRBV28","TRBJ2-2",1
"TRAV40","TRAJ34","TRBV27","TRBJ2-3",1
"TRAV40","TRAJ47","TRBV6-5","TRBJ2-7",1
"TRAV41","TRAJ18","TRBV9","TRBJ2-1",1
"TRAV41","TRAJ26","TRBV27","TRBJ2-3",1
"TRAV41","TRAJ26","TRBV28","TRBJ2-4",1
"TRAV41","TRAJ30","TRBV12-3","TRBJ1-5",1
"TRAV41","TRAJ31","TRBV27","TRBJ2-5",1
"TRAV41","TRAJ32","TRBV27","TRBJ1-2",1
"TRAV41","TRAJ34","TRBV27","TRBJ1-1",1
"TRAV41","TRAJ34","TRBV27","TRBJ2-7",1
"TRAV41","TRAJ34","TRBV28","TRBJ2-1",1
"TRAV41","TRAJ34","TRBV9","TRBJ2-1",1
"TRAV41","TRAJ40","TRBV14","TRBJ2-7",1
"TRAV41","TRAJ42","TRBV28","TRBJ1-2",1
"TRAV41","TRAJ42","TRBV5-6","TRBJ1-1",1
"TRAV41","TRAJ42","TRBV6-2","TRBJ2-1",1
"TRAV41","TRAJ42","TRBV6-5","TRBJ2-1",1
"TRAV41","TRAJ44","TRBV29-1","TRBJ2-3",1
"TRAV41","TRAJ47","TRBV18","TRBJ1-1",1
"TRAV41","TRAJ47","TRBV6-3","TRBJ2-1",1
"TRAV41","TRAJ48","TRBV19","TRBJ1-2",1
"TRAV41","TRAJ48","TRBV27","TRBJ2-1",1
"TRAV41","TRAJ48","TRBV27","TRBJ2-3",1
"TRAV41","TRAJ48","TRBV27","TRBJ2-6",1
"TRAV41","TRAJ48","TRBV6-3","TRBJ2-2",1
"TRAV41","TRAJ48","TRBV6-6","TRBJ1-3",1
"TRAV41","TRAJ49","TRBV12-3","TRBJ2-1",1
"TRAV41","TRAJ49","TRBV4-1","TRBJ1-4",1
"TRAV41","TRAJ49","TRBV5-4","TRBJ2-3",1
"TRAV41","TRAJ50","TRBV19","TRBJ1-2",1
"TRAV41","TRAJ52","TRBV6-1","TRBJ1-1",1
"TRAV41","TRAJ54","TRBV19","TRBJ1-2",1
"TRAV41","TRAJ54","TRBV27","TRBJ2-5",1
"TRAV41","TRAJ54","TRBV28","TRBJ2-2",1
"TRAV5","TRAJ10","TRBV12-4","TRBJ2-2",1
"TRAV5","TRAJ10","TRBV20-1","TRBJ1-2",1
"TRAV5","TRAJ10","TRBV25-1","TRBJ2-5",1
"TRAV5","TRAJ11","TRBV30","TRBJ1-1",1
"TRAV5","TRAJ11","TRBV6-5","TRBJ2-3",1
"TRAV5","TRAJ11","TRBV9","TRBJ2-1",1
"TRAV5","TRAJ12","TRBV20-1","TRBJ1-2",1
"TRAV5","TRAJ12","TRBV30","TRBJ2-2",1
"TRAV5","TRAJ13","TRBV19","TRBJ1-2",1
"TRAV5","TRAJ13","TRBV4-1","TRBJ1-1",1
"TRAV5","TRAJ15","TRBV20-1","TRBJ2-7",1
"TRAV5","TRAJ15","TRBV5-1","TRBJ2-3",1
"TRAV5","TRAJ17","TRBV7-2","TRBJ2-7",1
"TRAV5","TRAJ20","TRBV20-1","TRBJ2-7",1
"TRAV5","TRAJ20","TRBV28","TRBJ2-4",1
"TRAV5","TRAJ20","TRBV4-1","TRBJ1-5",1
"TRAV5","TRAJ20","TRBV6-6","TRBJ1-2",1
"TRAV5","TRAJ21","TRBV25-1","TRBJ2-2",1
"TRAV5","TRAJ23","TRBV10-2","TRBJ1-1",1
"TRAV5","TRAJ23","TRBV19","TRBJ2-3",1
"TRAV5","TRAJ23","TRBV20-1","TRBJ1-5",1
"TRAV5","TRAJ24","TRBV29-1","TRBJ1-4",1
"TRAV5","TRAJ24","TRBV4-1","TRBJ1-1",1
"TRAV5","TRAJ26","TRBV29-1","TRBJ1-4",1
"TRAV5","TRAJ27","TRBV27","TRBJ1-4",1
"TRAV5","TRAJ29","TRBV10-2","TRBJ2-3",1
"TRAV5","TRAJ29","TRBV4-1","TRBJ2-1",1
"TRAV5","TRAJ3","TRBV14","TRBJ2-3",1
"TRAV5","TRAJ3","TRBV20-1","TRBJ2-7",1
"TRAV5","TRAJ3","TRBV3-1","TRBJ1-3",1
"TRAV5","TRAJ30","TRBV28","TRBJ2-1",1
"TRAV5","TRAJ31","TRBV2","TRBJ2-2",1
"TRAV5","TRAJ31","TRBV29-1","TRBJ1-4",1
"TRAV5","TRAJ31","TRBV6-5","TRBJ2-1",1
"TRAV5","TRAJ32","TRBV18","TRBJ1-2",1
"TRAV5","TRAJ32","TRBV4-1","TRBJ1-6",1
"TRAV5","TRAJ32","TRBV7-6","TRBJ2-1",1
"TRAV5","TRAJ33","TRBV27","TRBJ2-1",1
"TRAV5","TRAJ34","TRBV20-1","TRBJ1-2",1
"TRAV5","TRAJ36","TRBV13","TRBJ1-1",1
"TRAV5","TRAJ37","TRBV25-1","TRBJ2-7",1
"TRAV5","TRAJ37","TRBV28","TRBJ1-2",1
"TRAV5","TRAJ39","TRBV10-2","TRBJ2-2",1
"TRAV5","TRAJ39","TRBV19","TRBJ1-4",1
"TRAV5","TRAJ39","TRBV29-1","TRBJ1-5",1
"TRAV5","TRAJ39","TRBV4-2","TRBJ2-1",1
"TRAV5","TRAJ39","TRBV9","TRBJ2-1",1
"TRAV5","TRAJ4","TRBV20-1","TRBJ1-2",1
"TRAV5","TRAJ4","TRBV27","TRBJ2-1",1
"TRAV5","TRAJ4","TRBV5-5","TRBJ1-4",1
"TRAV5","TRAJ4","TRBV6-5","TRBJ2-3",1
"TRAV5","TRAJ40","TRBV20-1","TRBJ1-1",1
"TRAV5","TRAJ40","TRBV20-1","TRBJ2-1",1
"TRAV5","TRAJ41","TRBV25-1","TRBJ2-1",1
"TRAV5","TRAJ41","TRBV6-2","TRBJ1-5",1
"TRAV5","TRAJ42","TRBV14","TRBJ2-1",1
"TRAV5","TRAJ42","TRBV14","TRBJ2-7",1
"TRAV5","TRAJ42","TRBV19","TRBJ1-4",1
"TRAV5","TRAJ42","TRBV19","TRBJ2-1",1
"TRAV5","TRAJ42","TRBV19","TRBJ2-7",1
"TRAV5","TRAJ42","TRBV27","TRBJ2-5",1
"TRAV5","TRAJ42","TRBV28","TRBJ1-1",1
"TRAV5","TRAJ42","TRBV4-1","TRBJ1-1",1
"TRAV5","TRAJ42","TRBV6-1","TRBJ1-5",1
"TRAV5","TRAJ43","TRBV14","TRBJ2-7",1
"TRAV5","TRAJ43","TRBV29-1","TRBJ2-1",1
"TRAV5","TRAJ43","TRBV4-1","TRBJ1-5",1
"TRAV5","TRAJ48","TRBV20-1","TRBJ1-4",1
"TRAV5","TRAJ49","TRBV27","TRBJ1-1",1
"TRAV5","TRAJ5","TRBV4-1","TRBJ2-7",1
"TRAV5","TRAJ56","TRBV19","TRBJ2-3",1
"TRAV5","TRAJ6","TRBV15","TRBJ2-7",1
"TRAV5","TRAJ6","TRBV2","TRBJ2-7",1
"TRAV5","TRAJ6","TRBV24-1","TRBJ1-2",1
"TRAV5","TRAJ6","TRBV24-1","TRBJ2-3",1
"TRAV5","TRAJ6","TRBV25-1","TRBJ1-1",1
"TRAV5","TRAJ7","TRBV20-1","TRBJ1-2",1
"TRAV5","TRAJ8","TRBV28","TRBJ1-1",1
"TRAV5","TRAJ8","TRBV4-1","TRBJ2-2",1
"TRAV5","TRAJ9","TRBV6-1","TRBJ1-1",1
"TRAV5","TRAV5","TRBV19","TRBJ2-2",1
"TRAV6","TRAJ10","TRBV19","TRBJ2-1",1
"TRAV6","TRAJ11","TRBV28","TRBJ2-1",1
"TRAV6","TRAJ11","TRBV29-1","TRBJ2-5",1
"TRAV6","TRAJ11","TRBV5-4","TRBJ2-1",1
"TRAV6","TRAJ13","TRBV4-1","TRBJ2-7",1
"TRAV6","TRAJ23","TRBV27","TRBJ2-2",1
"TRAV6","TRAJ29","TRBV27","TRBJ1-5",1
"TRAV6","TRAJ30","TRBV11-2","TRBJ2-7",1
"TRAV6","TRAJ31","TRBV20-1","TRBJ1-2",1
"TRAV6","TRAJ36","TRBV18","TRBJ1-1",1
"TRAV6","TRAJ38","TRBV9","TRBJ2-2",1
"TRAV6","TRAJ42","TRBV6-6","TRBJ2-7",1
"TRAV6","TRAJ42","TRBV9","TRBJ2-7",1
"TRAV6","TRAJ43","TRBV11-2","TRBJ2-2",1
"TRAV6","TRAJ49","TRBV20-1","TRBJ2-1",1
"TRAV6","TRAJ49","TRBV20-1","TRBJ2-7",1
"TRAV6","TRAJ49","TRBV7-9","TRBJ2-2",1
"TRAV6","TRAJ7","TRBV30","TRBJ2-2",1
"TRAV6","TRAJ9","TRBV27","TRBJ1-5",1
"TRAV6","TRAJ9","TRBV6-1","TRBJ1-5",1
"TRAV8-1","TRAJ10","TRBV7-9","TRBJ1-5",1
"TRAV8-1","TRAJ13","TRBV12-5","TRBJ2-1",1
"TRAV8-1","TRAJ13","TRBV5-6","TRBJ2-7",1
"TRAV8-1","TRAJ20","TRBV28","TRBJ2-1",1
"TRAV8-1","TRAJ20","TRBV29-1","TRBJ2-2",1
"TRAV8-1","TRAJ20","TRBV7-9","TRBJ2-5",1
"TRAV8-1","TRAJ21","TRBV15","TRBJ2-1",1
"TRAV8-1","TRAJ23","TRBV6-4","TRBJ2-3",1
"TRAV8-1","TRAJ24","TRBV2","TRBJ2-1",1
"TRAV8-1","TRAJ29","TRBV19","TRBJ2-1",1
"TRAV8-1","TRAJ32","TRBV19","TRBJ1-1",1
"TRAV8-1","TRAJ33","TRBV4-2","TRBJ2-1",1
"TRAV8-1","TRAJ33","TRBV5-1","TRBJ1-1",1
"TRAV8-1","TRAJ34","TRBV19","TRBJ2-1",1
"TRAV8-1","TRAJ34","TRBV19","TRBJ2-7",1
"TRAV8-1","TRAJ34","TRBV20-1","TRBJ2-1",1
"TRAV8-1","TRAJ34","TRBV20-1","TRBJ2-2",1
"TRAV8-1","TRAJ34","TRBV24-1","TRBJ2-3",1
"TRAV8-1","TRAJ34","TRBV4-2","TRBJ2-1",1
"TRAV8-1","TRAJ34","TRBV7-2","TRBJ1-2",1
"TRAV8-1","TRAJ37","TRBV19","TRBJ2-7",1
"TRAV8-1","TRAJ37","TRBV6-6","TRBJ2-1",1
"TRAV8-1","TRAJ38","TRBV6-6","TRBJ2-3",1
"TRAV8-1","TRAJ39","TRBV7-2","TRBJ2-5",1
"TRAV8-1","TRAJ40","TRBV20-1","TRBJ2-2",1
"TRAV8-1","TRAJ41","TRBV30","TRBJ1-5",1
"TRAV8-1","TRAJ42","TRBV13","TRBJ2-1",1
"TRAV8-1","TRAJ42","TRBV6-5","TRBJ2-5",1
"TRAV8-1","TRAJ45","TRBV12-3","TRBJ2-1",1
"TRAV8-1","TRAJ52","TRBV28","TRBJ2-3",1
"TRAV8-1","TRAJ7","TRBV5-1","TRBJ1-2",1
"TRAV8-1","TRAJ8","TRBV19","TRBJ2-7",1
"TRAV8-1","TRAJ9","TRBV12-3","TRBJ1-1",1
"TRAV8-2","TRAJ13","TRBV24-1","TRBJ2-1",1
"TRAV8-2","TRAJ17","TRBV27","TRBJ1-1",1
"TRAV8-2","TRAJ29","TRBV29-1","TRBJ2-5",1
"TRAV8-2","TRAJ29","TRBV7-9","TRBJ1-5",1
"TRAV8-2","TRAJ30","TRBV4-2","TRBJ1-2",1
"TRAV8-2","TRAJ32","TRBV5-6","TRBJ2-7",1
"TRAV8-2","TRAJ34","TRBV7-8","TRBJ2-7",1
"TRAV8-2","TRAJ4","TRBV10-3","TRBJ1-1",1
"TRAV8-2","TRAJ4","TRBV20-1","TRBJ2-1",1
"TRAV8-2","TRAJ41","TRBV19","TRBJ1-6",1
"TRAV8-2","TRAJ41","TRBV19","TRBJ2-1",1
"TRAV8-2","TRAJ41","TRBV19","TRBJ2-7",1
"TRAV8-2","TRAJ42","TRBV7-3","TRBJ2-1",1
"TRAV8-2","TRAJ49","TRBV7-9","TRBJ1-1",1
"TRAV8-2","TRAJ5","TRBV7-2","TRBJ2-3",1
"TRAV8-3","TRAJ10","TRBV4-1","TRBJ2-2",1
"TRAV8-3","TRAJ15","TRBV3-1","TRBJ2-3",1
"TRAV8-3","TRAJ15","TRBV7-3","TRBJ2-1",1
"TRAV8-3","TRAJ17","TRBV5-6","TRBJ1-2",1
"TRAV8-3","TRAJ20","TRBV11-2","TRBJ2-3",1
"TRAV8-3","TRAJ20","TRBV28","TRBJ1-1",1
"TRAV8-3","TRAJ20","TRBV4-3","TRBJ1-5",1
"TRAV8-3","TRAJ26","TRBV15","TRBJ2-6",1
"TRAV8-3","TRAJ27","TRBV19","TRBJ2-3",1
"TRAV8-3","TRAJ27","TRBV4-1","TRBJ1-1",1
"TRAV8-3","TRAJ28","TRBV20-1","TRBJ2-2",1
"TRAV8-3","TRAJ28","TRBV4-1","TRBJ2-7",1
"TRAV8-3","TRAJ29","TRBV28","TRBJ2-3",1
"TRAV8-3","TRAJ33","TRBV6-1","TRBJ2-7",1
"TRAV8-3","TRAJ33","TRBV9","TRBJ2-3",1
"TRAV8-3","TRAJ34","TRBV19","TRBJ2-5",1
"TRAV8-3","TRAJ36","TRBV3-1","TRBJ2-4",1
"TRAV8-3","TRAJ37","TRBV11-2","TRBJ2-1",1
"TRAV8-3","TRAJ37","TRBV7-2","TRBJ1-1",1
"TRAV8-3","TRAJ39","TRBV9","TRBJ2-2",1
"TRAV8-3","TRAJ40","TRBV14","TRBJ1-1",1
"TRAV8-3","TRAJ40","TRBV20-1","TRBJ2-7",1
"TRAV8-3","TRAJ40","TRBV28","TRBJ2-7",1
"TRAV8-3","TRAJ40","TRBV6-4","TRBJ1-2",1
"TRAV8-3","TRAJ40","TRBV7-9","TRBJ2-7",1
"TRAV8-3","TRAJ41","TRBV9","TRBJ2-3",1
"TRAV8-3","TRAJ42","TRBV19","TRBJ2-1",1
"TRAV8-3","TRAJ43","TRBV12-3","TRBJ2-3",1
"TRAV8-3","TRAJ43","TRBV20-1","TRBJ2-3",1
"TRAV8-3","TRAJ43","TRBV27","TRBJ2-1",1
"TRAV8-3","TRAJ44","TRBV19","TRBJ2-3",1
"TRAV8-3","TRAJ44","TRBV6-5","TRBJ2-5",1
"TRAV8-3","TRAJ45","TRBV18","TRBJ2-7",1
"TRAV8-3","TRAJ45","TRBV28","TRBJ1-5",1
"TRAV8-3","TRAJ45","TRBV6-6","TRBJ2-7",1
"TRAV8-3","TRAJ47","TRBV27","TRBJ2-7",1
"TRAV8-3","TRAJ47","TRBV7-9","TRBJ2-1",1
"TRAV8-3","TRAJ49","TRBV27","TRBJ2-1",1
"TRAV8-3","TRAJ52","TRBV12-3","TRBJ2-2",1
"TRAV8-3","TRAJ53","TRBV13","TRBJ2-1",1
"TRAV8-3","TRAJ54","TRBV7-9","TRBJ1-5",1
"TRAV8-3","TRAJ57","TRBV6-2","TRBJ2-7",1
"TRAV8-3","TRAJ7","TRBV27","TRBJ2-3",1
"TRAV8-4","TRAJ11","TRBV19","TRBJ1-1",1
"TRAV8-4","TRAJ11","TRBV24-1","TRBJ2-1",1
"TRAV8-4","TRAJ15","TRBV12-4","TRBJ2-1",1
"TRAV8-4","TRAJ20","TRBV10-3","TRBJ2-1",1
"TRAV8-4","TRAJ20","TRBV28","TRBJ2-7",1
"TRAV8-4","TRAJ27","TRBV7-6","TRBJ2-7",1
"TRAV8-4","TRAJ3","TRBV25-1","TRBJ2-3",1
"TRAV8-4","TRAJ31","TRBV19","TRBJ2-7",1
"TRAV8-4","TRAJ31","TRBV5-1","TRBJ2-1",1
"TRAV8-4","TRAJ33","TRBV24-1","TRBJ2-2",1
"TRAV8-4","TRAJ33","TRBV24-1","TRBJ2-5",1
"TRAV8-4","TRAJ34","TRBV14","TRBJ2-5",1
"TRAV8-4","TRAJ34","TRBV20-1","TRBJ2-7",1
"TRAV8-4","TRAJ37","TRBV11-2","TRBJ2-1",1
"TRAV8-4","TRAJ43","TRBV12-4","TRBJ2-7",1
"TRAV8-4","TRAJ43","TRBV19","TRBJ1-5",1
"TRAV8-4","TRAJ43","TRBV2","TRBJ2-7",1
"TRAV8-4","TRAJ43","TRBV28","TRBJ1-2",1
"TRAV8-4","TRAJ43","TRBV6-1","TRBJ1-4",1
"TRAV8-4","TRAJ47","TRBV12-3","TRBJ2-3",1
"TRAV8-4","TRAJ48","TRBV2","TRBJ2-3",1
"TRAV8-4","TRAJ49","TRBV19","TRBJ2-1",1
"TRAV8-4","TRAJ5","TRBV28","TRBJ2-2",1
"TRAV8-4","TRAJ53","TRBV24-1","TRBJ2-1",1
"TRAV8-4","TRAJ54","TRBV18","TRBJ2-7",1
"TRAV8-4","TRAJ54","TRBV28","TRBJ2-3",1
"TRAV8-4","TRAJ6","TRBV14","TRBJ2-5",1
"TRAV8-4","TRAJ8","TRBV5-1","TRBJ1-4",1
"TRAV8-6","TRAJ11","TRBV5-4","TRBJ2-5",1
"TRAV8-6","TRAJ12","TRBV4-1","TRBJ2-7",1
"TRAV8-6","TRAJ17","TRBV27","TRBJ1-3",1
"TRAV8-6","TRAJ17","TRBV5-6","TRBJ2-1",1
"TRAV8-6","TRAJ20","TRBV11-2","TRBJ2-1",1
"TRAV8-6","TRAJ20","TRBV27","TRBJ1-1",1
"TRAV8-6","TRAJ22","TRBV12-3","TRBJ1-4",1
"TRAV8-6","TRAJ27","TRBV7-9","TRBJ2-5",1
"TRAV8-6","TRAJ29","TRBV27","TRBJ2-4",1
"TRAV8-6","TRAJ30","TRBV19","TRBJ2-1",1
"TRAV8-6","TRAJ30","TRBV28","TRBJ2-7",1
"TRAV8-6","TRAJ31","TRBV19","TRBJ1-5",1
"TRAV8-6","TRAJ32","TRBV3-1","TRBJ2-5",1
"TRAV8-6","TRAJ32","TRBV4-2","TRBJ2-3",1
"TRAV8-6","TRAJ34","TRBV20-1","TRBJ1-1",1
"TRAV8-6","TRAJ37","TRBV19","TRBJ2-7",1
"TRAV8-6","TRAJ41","TRBV27","TRBJ2-2",1
"TRAV8-6","TRAJ42","TRBV19","TRBJ1-2",1
"TRAV8-6","TRAJ42","TRBV19","TRBJ1-5",1
"TRAV8-6","TRAJ42","TRBV4-1","TRBJ1-3",1
"TRAV8-6","TRAJ48","TRBV19","TRBJ2-1",1
"TRAV8-6","TRAJ48","TRBV19","TRBJ2-7",1
"TRAV8-6","TRAJ48","TRBV5-6","TRBJ2-1",1
"TRAV8-6","TRAJ49","TRBV28","TRBJ1-1",1
"TRAV8-6","TRAJ52","TRBV18","TRBJ2-7",1
"TRAV8-6","TRAJ53","TRBV19","TRBJ2-1",1
"TRAV8-6","TRAJ53","TRBV27","TRBJ2-7",1
"TRAV8-6","TRAJ7","TRBV20-1","TRBJ2-2",1
"TRAV8-6","TRAJ8","TRBV7-9","TRBJ2-1",1
"TRAV8-6","TRAJ9","TRBV12-3","TRBJ2-5",1
"TRAV8-6","TRAJ9","TRBV9","TRBJ2-3",1
"TRAV9-1","TRAJ23","TRBV6-2","TRBJ2-5",1
"TRAV9-2","TRAJ12","TRBV20-1","TRBJ2-4",1
"TRAV9-2","TRAJ20","TRBV20-1","TRBJ2-2",1
"TRAV9-2","TRAJ20","TRBV28","TRBJ2-7",1
"TRAV9-2","TRAJ23","TRBV19","TRBJ1-2",1
"TRAV9-2","TRAJ26","TRBV4-2","TRBJ1-5",1
"TRAV9-2","TRAJ29","TRBV13","TRBJ1-5",1
"TRAV9-2","TRAJ3","TRBV18","TRBJ2-2",1
"TRAV9-2","TRAJ3","TRBV6-5","TRBJ2-1",1
"TRAV9-2","TRAJ34","TRBV6-2","TRBJ2-5",1
"TRAV9-2","TRAJ37","TRBV11-2","TRBJ2-5",1
"TRAV9-2","TRAJ37","TRBV11-2","TRBJ2-7",1
"TRAV9-2","TRAJ39","TRBV20-1","TRBJ2-7",1
"TRAV9-2","TRAJ4","TRBV4-1","TRBJ2-1",1
"TRAV9-2","TRAJ40","TRBV6-5","TRBJ1-2",1
"TRAV9-2","TRAJ43","TRBV11-2","TRBJ1-5",1
"TRAV9-2","TRAJ43","TRBV29-1","TRBJ1-1",1
"TRAV9-2","TRAJ45","TRBV2","TRBJ2-2",1
"TRAV9-2","TRAJ49","TRBV9","TRBJ2-1",1
"TRAV9-2","TRAJ50","TRBV19","TRBJ2-7",1
"TRAV9-2","TRAJ52","TRBV13","TRBJ1-4",1
"TRAV9-2","TRAJ52","TRBV6-5","TRBJ2-7",1
"TRAV9-2","TRAJ53","TRBV18","TRBJ2-7",1
"TRAV9-2","TRAJ53","TRBV29-1","TRBJ2-5",1
"TRAV9-2","TRAJ56","TRBV19","TRBJ2-3",1
"TRAV9-2","TRAJ56","TRBV6-5","TRBJ2-1",1
"TRAV9-2","TRAJ6","TRBV5-4","TRBJ2-5",1
"TRBV10-2","TRBJ1-1","TRBV10-2","TRBJ1-1",1
